Compound,Date,Negative,Neutral,Positive,Tweet Count,Tweet text,User
0.0,Sun Apr 08 21:02:55 +0000 2018,0.0,1.0,0.0,0,"RT @BBC: üò∫üí¶ This is Maya the jaguar's very first swim!  
#BigCatsAboutTheHouse https://t.co/IacZP3ltf3",@BBC
-0.654,Sun Apr 08 21:02:53 +0000 2018,0.284,0.716,0.0,1,"RT @ThomasPride: Bizarre from the @BBC.
A report about fishermen protesting but no interviews with fishermen, just with a billionaire (@Arr‚Ä¶",@BBC
0.0,Sun Apr 08 21:02:48 +0000 2018,0.0,1.0,0.0,2,"@QuijoteMike @UKEmigration2EU @Andrew_Adonis @BrexitResist @bbcnickrobinson @BBC UK GDP 2016 was $2,600Bn. The UK c‚Ä¶ https://t.co/umPjO2AzxV",@BBC
0.0,Sun Apr 08 21:02:30 +0000 2018,0.0,1.0,0.0,3,"Een borrel, blokje kaas en @TheMasters op @BBC aan. Kom zo de zondag avond wel door.",@BBC
0.66,Sun Apr 08 21:02:22 +0000 2018,0.0,0.72,0.28,4,"RT @mikegalsworthy: Read the comments under this. Longstanding defenders of the @BBC are giving up on it in droves.

We want a robust, deep‚Ä¶",@BBC
0.724,Sun Apr 08 21:02:14 +0000 2018,0.0,0.664,0.336,5,#Ordeal @BBC loving this show!! Really dark and edgy!! I‚Äôm shooketh üôÄ,@BBC
0.0,Sun Apr 08 21:01:52 +0000 2018,0.0,1.0,0.0,6,RT @Hdad_Macarena: La @BBC se fija en la devoci√≥n universal a la Sant√≠sima Virgen de la Esperanza para ilustrar uno de los cap√≠tulos de su‚Ä¶,@BBC
-0.34,Sun Apr 08 21:01:51 +0000 2018,0.195,0.805,0.0,7,RT @Mikeofthemoor: Why should people pay for a TV licence to watch @Conservatives' propaganda.  #TakeNewsnightDown #Boycottnewsnight @BBCNe‚Ä¶,@BBC
-0.494,Sun Apr 08 21:01:28 +0000 2018,0.231,0.672,0.097,8,"Frustrated by the Agatha Christie @BBC drama - so many modifications, it‚Äôs distorting the original which is epic #agathaChristie #bbc",@BBC
0.536,Sun Apr 08 21:01:19 +0000 2018,0.0,0.729,0.271,9,@Emma_Liz @TheNetballShow @EnglandNetball @JoannaAdams @BBCSport Like I say @BBC are not bothered about complaints‚Ä¶ https://t.co/YX7N1hHr7h,@BBC
0.0,Sun Apr 08 21:01:17 +0000 2018,0.0,1.0,0.0,10,RT @gemquim: This is Spain now!! √áa c¬¥est l¬¥Espagne maintenant! @lesoir @FT @NZZ @libe @BBC @LaSemaineduRous @dailyexpressuk @guardian @haa‚Ä¶,@BBC
0.0,Sun Apr 08 21:01:04 +0000 2018,0.0,1.0,0.0,11,RT @curtainpullback: @cjsienna55 @egregormasters1 @BrutalVeracity @Eagle50425849 @Icon99558924 @JLadstone @OhRoyalOne @shaistasalam1 @JSing‚Ä¶,@BBC
-0.052,Sun Apr 08 21:00:54 +0000 2018,0.057,0.943,0.0,12,RT @HughNorris7: @Jacob_Rees_Mogg I voted leave based on what I was told by our politicians &amp; using @BBC as a key source of information.‚Ä¶,@BBC
0.361,Sun Apr 08 21:00:53 +0000 2018,0.0,0.865,0.135,13,RT @WinstonsBack: @lizrawlings @Andrew_Adonis @BBCNews @carolecadwalla @AndrewMarr9 @BBC 6/ Like many others commenting here I would have d‚Ä¶,@BBC
0.0,Sun Apr 08 21:00:49 +0000 2018,0.0,1.0,0.0,14,"RT @armyofall: The editor of the @DailyMailUK 
The editor of the @Telegraph 
The editor of the S*N
The editor of @Daily_Express 
The editor‚Ä¶",@BBC
0.44,Sun Apr 08 21:00:44 +0000 2018,0.0,0.707,0.293,15,@BBC @sueperkins @BBCOne Was good with Jim Davidson,@BBC
0.0,Sun Apr 08 21:00:26 +0000 2018,0.0,1.0,0.0,16,@docrussjackson @RobBurl @afneil @EvanHD @marr @sarahsands100 @bbcnickrobinson @BBCNews @BBCPolitics @BBCNewsnight‚Ä¶ https://t.co/T8Ku2BLnWi,@BBC
-0.34,Sun Apr 08 21:00:25 +0000 2018,0.221,0.779,0.0,17,Why should people pay for a TV licence to watch @Conservatives' propaganda.  #TakeNewsnightDown #Boycottnewsnight‚Ä¶ https://t.co/4S09Pu6eyw,@BBC
0.0,Sun Apr 08 21:00:02 +0000 2018,0.0,1.0,0.0,18,@cjsienna55 @egregormasters1 @BrutalVeracity @Eagle50425849 @Icon99558924 @JLadstone @OhRoyalOne @shaistasalam1‚Ä¶ https://t.co/mfDmeaEr3c,@BBC
-0.547,Sun Apr 08 20:59:42 +0000 2018,0.144,0.856,0.0,19,RT @s_buxx: #generationgame - THIS toosh is what the @BBC give us on a Sunday night? Didn‚Äôt even last five minutes; it‚Äôs so appalling!,@BBC
0.361,Sun Apr 08 20:59:39 +0000 2018,0.0,0.865,0.135,20,RT @WinstonsBack: @lizrawlings @Andrew_Adonis @BBCNews @carolecadwalla @AndrewMarr9 @BBC 6/ Like many others commenting here I would have d‚Ä¶,@BBC
0.885,Sun Apr 08 20:59:38 +0000 2018,0.0,0.279,0.721,21,@BBC Super effing cool. Such a fantastic animal.,@BBC
0.0,Sun Apr 08 20:59:33 +0000 2018,0.0,1.0,0.0,22,@SCARYLEARY @BBC  https://t.co/89YNT62wNL,@BBC
0.0,Sun Apr 08 20:59:25 +0000 2018,0.0,1.0,0.0,23,"RT @printmag: How the new graphic iconography of #memes, placards and posters is changing the way we communicate and #protest via @BBC 
htt‚Ä¶",@BBC
0.0,Sun Apr 08 20:59:18 +0000 2018,0.0,1.0,0.0,24,RT @Hdad_Macarena: La @BBC se fija en la devoci√≥n universal a la Sant√≠sima Virgen de la Esperanza para ilustrar uno de los cap√≠tulos de su‚Ä¶,@BBC
0.0,Sun Apr 08 20:59:14 +0000 2018,0.0,1.0,0.0,25,"RT @MSonmul: üëáüëáüëáüëáüëáüëáüëáüëáüëáüëá

LongArms inAfghanistan  

@cnni @bbc @AP @Reuters @dwnews @FoxNews @ABC @NBCNews @CBS @hrw @ariannahuff @OSCE_RFoM‚Ä¶",@BBC
0.0,Sun Apr 08 20:59:11 +0000 2018,0.0,1.0,0.0,26,RT @egregormasters1: @cjsienna55 @BrutalVeracity @Eagle50425849 @Icon99558924 @JLadstone @OhRoyalOne @shaistasalam1 @JSinghF @lunermoth @Da‚Ä¶,@BBC
0.0,Sun Apr 08 20:59:02 +0000 2018,0.0,1.0,0.0,27,"RT @yldzosma81: #DoƒüuGuta
#KillerEsed 
ƒ∞nsanlƒ±k katlediliyor, masum bebekler liderlerin Hƒ±rsƒ±na kurban ediliyor, D√ºnya √º√ß Maymunu Oynuyor
@‚Ä¶",@BBC
0.0,Sun Apr 08 20:58:52 +0000 2018,0.0,1.0,0.0,28,RT @cjsienna55: @egregormasters1 @BrutalVeracity @Eagle50425849 @Icon99558924 @JLadstone @OhRoyalOne @shaistasalam1 @JSinghF @lunermoth @Da‚Ä¶,@BBC
0.0,Sun Apr 08 20:58:22 +0000 2018,0.0,1.0,0.0,29,RT @Hdad_Macarena: La @BBC se fija en la devoci√≥n universal a la Sant√≠sima Virgen de la Esperanza para ilustrar uno de los cap√≠tulos de su‚Ä¶,@BBC
0.494,Sun Apr 08 20:58:17 +0000 2018,0.0,0.543,0.457,30,"Olivier Awards: 'Hamilton' Dominates
https://t.co/j2CQtBbimZ via @BBC",@BBC
0.0,Sun Apr 08 20:58:09 +0000 2018,0.0,1.0,0.0,31,RT @egregormasters1: @cjsienna55 @BrutalVeracity @Eagle50425849 @Icon99558924 @JLadstone @OhRoyalOne @shaistasalam1 @JSinghF @lunermoth @Da‚Ä¶,@BBC
0.0,Sun Apr 08 20:57:53 +0000 2018,0.0,1.0,0.0,32,RT @EdwardPacey: @ThomasPride @BBC @Arron_banks Typical @BBCNews reporting these days I‚Äôm afraid.,@BBC
-0.807,Sun Apr 08 20:57:45 +0000 2018,0.354,0.57,0.076,33,"Watching an already terrible show, made worse with Terrible jokes from Mel and sue and a prostitute from Newcastle‚Ä¶ https://t.co/soerkYUuiV",@BBC
-0.202,Sun Apr 08 20:57:42 +0000 2018,0.167,0.833,0.0,34,RT @BBC: üíÉüï∫ Meet the kids cutting some serious shapes on the streets of Lagos. https://t.co/3ySZPqua01,@BBC
-0.296,Sun Apr 08 20:57:41 +0000 2018,0.115,0.885,0.0,35,RT @w0lvesno2: @ZkotosKoritsi @georgegalloway @daily_politics @BBCPolitics its no coincidence that the @BBC all over it's programs and pre-‚Ä¶,@BBC
0.0,Sun Apr 08 20:57:32 +0000 2018,0.0,1.0,0.0,36,@egregormasters1 @BrutalVeracity @Eagle50425849 @Icon99558924 @JLadstone @OhRoyalOne @shaistasalam1 @JSinghF‚Ä¶ https://t.co/2NQtbnno2B,@BBC
0.0,Sun Apr 08 20:57:25 +0000 2018,0.0,1.0,0.0,37,RT @stonesister7: @RupertTheswarm @ThomasPride @BBC @Arron_banks You are quite correct https://t.co/FzlQPzNPN1,@BBC
0.276,Sun Apr 08 20:57:22 +0000 2018,0.0,0.89,0.11,38,RT @RupertTheswarm: @ThomasPride @BBC @Arron_banks This is the man with links to Cambridge Analytica if I am not mistaken. üòé,@BBC
-0.654,Sun Apr 08 20:57:20 +0000 2018,0.284,0.716,0.0,39,"RT @ThomasPride: Bizarre from the @BBC.
A report about fishermen protesting but no interviews with fishermen, just with a billionaire (@Arr‚Ä¶",@BBC
-0.859,Sun Apr 08 20:57:19 +0000 2018,0.288,0.712,0.0,40,"RT @meNabster: The @BBC is owned by Rupert Murdoch, a vile evil Knight of Malta member - so Knights of Malta have the Anglo-Saxon countries‚Ä¶",@BBC
0.66,Sun Apr 08 20:57:19 +0000 2018,0.0,0.72,0.28,41,"RT @mikegalsworthy: Read the comments under this. Longstanding defenders of the @BBC are giving up on it in droves.

We want a robust, deep‚Ä¶",@BBC
-0.654,Sun Apr 08 20:57:16 +0000 2018,0.284,0.716,0.0,42,"RT @ThomasPride: Bizarre from the @BBC.
A report about fishermen protesting but no interviews with fishermen, just with a billionaire (@Arr‚Ä¶",@BBC
0.667,Sun Apr 08 20:57:13 +0000 2018,0.0,0.777,0.223,43,Thank you @Andrew_Adonis on Sky News for speaking up so forcibly and clearly on #Brexit. As least Niall Paterson li‚Ä¶ https://t.co/34NGsWUmQa,@BBC
0.0,Sun Apr 08 20:57:07 +0000 2018,0.0,1.0,0.0,44,"RT @IndyRefScot2Now: @mikegalsworthy @BBC Us #indyreffers started the trend, I believe
After the #bbcbias of 2014 indyref üëçüè¥Û†ÅßÛ†Å¢Û†Å≥Û†Å£Û†Å¥Û†Åø",@BBC
0.0,Sun Apr 08 20:57:01 +0000 2018,0.0,1.0,0.0,45,@riprap007 @WillBlackWriter @BBC Views equals 3 seconds though on Facebook. Most people duck out within 10-30 secs,@BBC
0.0,Sun Apr 08 20:57:00 +0000 2018,0.0,1.0,0.0,46,RT @delideli1975: @ARreyhan_1 @BabaAKkurt @Muammer_ce @Kudus_Davasi @HayatiYldrm14 @MuratReis_1970 @mustuk146 @ZehraTulElBetul @UN @NATO @U‚Ä¶,@BBC
0.0,Sun Apr 08 20:56:46 +0000 2018,0.0,1.0,0.0,47,"RT @GaripAdams: Erdogan instructed the Maarif Foundation against the The Hizmet Movement's Schools in Afghanistan.
Now also #ErdogansLongAr‚Ä¶",@BBC
0.0,Sun Apr 08 20:56:40 +0000 2018,0.0,1.0,0.0,48,RT @AdaletinSafti: 1-Bug√ºn BB Binali Yƒ±ldƒ±rƒ±m Afganistan‚Äôa gitti ve orada BB Abdullah Abdullah ile g√∂r√º≈üme yaptƒ±. Basƒ±n toplantƒ±dƒ±nda Afgan‚Ä¶,@BBC
0.0,Sun Apr 08 20:56:39 +0000 2018,0.0,1.0,0.0,49,RT @AdaletinSafti: 1-Bug√ºn BB Binali Yƒ±ldƒ±rƒ±m Afganistan‚Äôa gitti ve orada BB Abdullah Abdullah ile g√∂r√º≈üme yaptƒ±. Basƒ±n toplantƒ±dƒ±nda Afgan‚Ä¶,@BBC
-0.626,Sun Apr 08 20:56:06 +0000 2018,0.268,0.624,0.108,50,"@NorthernStork Fake news @NorthernStork  thinks that in the world are so many fools like @CNN ,@BBC 
Remember!Not a‚Ä¶ https://t.co/isiMQJxPVl",@BBC
-0.718,Sun Apr 08 20:56:05 +0000 2018,0.222,0.778,0.0,51,RT @scarlettpeach: BBC pay policy is indefensible. How the hell are they going to explain this? Sarah Montague worked on this programme for‚Ä¶,@BBC
0.0,Sun Apr 08 20:56:03 +0000 2018,0.0,1.0,0.0,52,@HUTCHfilms @WillBlackWriter @BBC Any hints and tips for getting my trashy ebooks to the widest readership possible‚Ä¶ https://t.co/DbbK2pOX1r,@BBC
0.742,Sun Apr 08 20:56:01 +0000 2018,0.0,0.527,0.473,53,Not very impressed with @bbc #OrdealByInnocence Book is better.,@BBC
0.0,Sun Apr 08 20:55:59 +0000 2018,0.0,1.0,0.0,54,"RT @BBC: üò∫üí¶ This is Maya the jaguar's very first swim!  
#BigCatsAboutTheHouse https://t.co/IacZP3ltf3",@BBC
0.0,Sun Apr 08 20:55:53 +0000 2018,0.0,1.0,0.0,55,"It's the maid. #ofcourseitsyou.
#OrdealByInnocence @BBC @agathachristie 
It was her shoes and he was talking to her‚Ä¶ https://t.co/Ge2wfMDNn1",@BBC
0.66,Sun Apr 08 20:55:52 +0000 2018,0.0,0.72,0.28,56,"RT @mikegalsworthy: Read the comments under this. Longstanding defenders of the @BBC are giving up on it in droves.

We want a robust, deep‚Ä¶",@BBC
0.0,Sun Apr 08 20:55:51 +0000 2018,0.0,1.0,0.0,57,@NarrateCreate @BBC What the fuck???!!!!!,@BBC
0.681,Sun Apr 08 20:55:49 +0000 2018,0.0,0.781,0.219,58,"RT @sebkraemer: ""the @BBC's slavish respect for the referendum result as though it were set in stone, like a general election: the question‚Ä¶",@BBC
-0.459,Sun Apr 08 20:55:48 +0000 2018,0.107,0.893,0.0,59,"RT @DadTrans: Then they have to put up with @BBC, again, attacking their right to exist, to be children, to life life. Who are these people‚Ä¶",@BBC
0.0,Sun Apr 08 20:55:46 +0000 2018,0.0,1.0,0.0,60,RT @cristofoli5: @ThomasPride @BBC @Arron_banks Sky News interviewed fishermen on a boat at sea off Hastings where over 30 boats were demon‚Ä¶,@BBC
-0.654,Sun Apr 08 20:55:34 +0000 2018,0.284,0.716,0.0,61,"RT @ThomasPride: Bizarre from the @BBC.
A report about fishermen protesting but no interviews with fishermen, just with a billionaire (@Arr‚Ä¶",@BBC
0.0,Sun Apr 08 20:55:26 +0000 2018,0.0,1.0,0.0,62,RT @egregormasters1: @cjsienna55 @BrutalVeracity @Eagle50425849 @Icon99558924 @JLadstone @OhRoyalOne @shaistasalam1 @JSinghF @lunermoth @Da‚Ä¶,@BBC
-0.654,Sun Apr 08 20:55:08 +0000 2018,0.284,0.716,0.0,63,"RT @ThomasPride: Bizarre from the @BBC.
A report about fishermen protesting but no interviews with fishermen, just with a billionaire (@Arr‚Ä¶",@BBC
0.0,Sun Apr 08 20:55:05 +0000 2018,0.0,1.0,0.0,64,RT @Hdad_Macarena: La @BBC se fija en la devoci√≥n universal a la Sant√≠sima Virgen de la Esperanza para ilustrar uno de los cap√≠tulos de su‚Ä¶,@BBC
0.0,Sun Apr 08 20:55:01 +0000 2018,0.0,1.0,0.0,65,@bobjustice10 @BBC https://t.co/QLxIBK4DdP,@BBC
0.0,Sun Apr 08 20:55:00 +0000 2018,0.0,1.0,0.0,66,"RT @riprap007: @WillBlackWriter @BBC They have a 5 -7% conversion rate, just one video, on Turkey joining the EU, had 515,000 views alone.‚Ä¶",@BBC
0.0,Sun Apr 08 20:54:40 +0000 2018,0.0,1.0,0.0,67,Bit more news for you not to report here BBC. @BBC @BBCNews @BBCNewsbeat @BBCNewsnight @BBCPolitics @BBCr4today‚Ä¶ https://t.co/TeQj27Y256,@BBC
-0.422,Sun Apr 08 20:54:28 +0000 2018,0.123,0.877,0.0,68,RT @WillBlackWriter: This line the right-wing media (and sadly I include @BBC in that) trots out 'maybe Cambridge Analytica etc didn't swin‚Ä¶,@BBC
0.0,Sun Apr 08 20:54:27 +0000 2018,0.0,1.0,0.0,69,RT @EgeCanatar: @ebabilkusu2017 @AdaletinSafti @hrw @BBC @sekerkizkendi86 @NLpeyniri @drndtx @MSonmul @CANBERK_dr @asetinyurdum @cananates1‚Ä¶,@BBC
0.0,Sun Apr 08 20:54:22 +0000 2018,0.0,1.0,0.0,70,@BBC @CNN https://t.co/0dlNRh4B1h,@BBC
-0.654,Sun Apr 08 20:54:21 +0000 2018,0.284,0.716,0.0,71,"RT @ThomasPride: Bizarre from the @BBC.
A report about fishermen protesting but no interviews with fishermen, just with a billionaire (@Arr‚Ä¶",@BBC
0.0,Sun Apr 08 20:54:19 +0000 2018,0.0,1.0,0.0,72,RT @Hdad_Macarena: La @BBC se fija en la devoci√≥n universal a la Sant√≠sima Virgen de la Esperanza para ilustrar uno de los cap√≠tulos de su‚Ä¶,@BBC
0.0,Sun Apr 08 20:54:14 +0000 2018,0.0,1.0,0.0,73,"RT @BBC: üò∫üí¶ This is Maya the jaguar's very first swim!  
#BigCatsAboutTheHouse https://t.co/IacZP3ltf3",@BBC
-0.718,Sun Apr 08 20:54:11 +0000 2018,0.222,0.778,0.0,74,RT @scarlettpeach: BBC pay policy is indefensible. How the hell are they going to explain this? Sarah Montague worked on this programme for‚Ä¶,@BBC
0.44,Sun Apr 08 20:53:41 +0000 2018,0.0,0.83,0.17,75,"Is it me, or is there something tranquil &amp; calming, amongst all the drama, about the @BBC &amp; @PeterAllissBBC coverag‚Ä¶ https://t.co/sN7E8Cokdg",@BBC
0.361,Sun Apr 08 20:53:36 +0000 2018,0.0,0.857,0.143,76,@AmadaRecords @DJKaliDMC @ALONESTAR1 @BBC @billboard Are u for real if like if u guys find me on youtube,@BBC
0.0,Sun Apr 08 20:53:34 +0000 2018,0.0,1.0,0.0,77,"RT @yldzosma81: #DoƒüuGuta
#KillerEsed 
ƒ∞nsanlƒ±k katlediliyor, masum bebekler liderlerin Hƒ±rsƒ±na kurban ediliyor, D√ºnya √º√ß Maymunu Oynuyor
@‚Ä¶",@BBC
-0.422,Sun Apr 08 20:53:31 +0000 2018,0.184,0.729,0.087,78,RT @parismuhtari1: You can be arrested only because you don‚Äôt agree with Erdogan. That‚Äôs the case of three teachers in #Gabon . Stop the in‚Ä¶,@BBC
0.0,Sun Apr 08 20:53:31 +0000 2018,0.0,1.0,0.0,79,RT @AdaletinSaftii: @AdaletinSafti @hrw @BBC @sekerkizkendi86 @NLpeyniri @drndtx @MSonmul @CANBERK_dr @asetinyurdum @cananates17 @senoldiky‚Ä¶,@BBC
0.0,Sun Apr 08 20:53:22 +0000 2018,0.0,1.0,0.0,80,RT @meNabster: @MGasmiaRamzi @lancastrian14 @looisnew @liarro_george @dido_corleon @hulathehebrew @GamemomManuela @TrutherTracy @petergrey5‚Ä¶,@BBC
-0.422,Sun Apr 08 20:53:20 +0000 2018,0.184,0.729,0.087,81,RT @parismuhtari1: You can be arrested only because you don‚Äôt agree with Erdogan. That‚Äôs the case of three teachers in #Gabon . Stop the in‚Ä¶,@BBC
-0.556,Sun Apr 08 20:53:09 +0000 2018,0.135,0.865,0.0,82,"RT @Mikeofthemoor: The @BBC are too lily-livered to report on this, their #tory paymasters would be very angry with them, &amp; there'd be peop‚Ä¶",@BBC
0.66,Sun Apr 08 20:53:07 +0000 2018,0.0,0.779,0.221,83,RT @HUTCHfilms: @WillBlackWriter @BBC Yes - and it‚Äôs baseless. They don‚Äôt seem interested in doing any research. I do a lot of social media‚Ä¶,@BBC
0.44,Sun Apr 08 20:52:52 +0000 2018,0.0,0.822,0.178,84,@mikegalsworthy @BBC Jeez you had Sky News The Treasury CBI IMF BOE as well as hundreds of newspapers/media outlets‚Ä¶ https://t.co/WV2o8R03dP,@BBC
0.0,Sun Apr 08 20:52:46 +0000 2018,0.0,1.0,0.0,85,@stonesister7 @ThomasPride @BBC @Arron_banks I seem to remember that the guy's former business partner may have bee‚Ä¶ https://t.co/RgOUbkmKxe,@BBC
-0.654,Sun Apr 08 20:52:46 +0000 2018,0.284,0.716,0.0,86,"RT @ThomasPride: Bizarre from the @BBC.
A report about fishermen protesting but no interviews with fishermen, just with a billionaire (@Arr‚Ä¶",@BBC
-0.052,Sun Apr 08 20:52:35 +0000 2018,0.057,0.943,0.0,87,RT @HughNorris7: @Jacob_Rees_Mogg I voted leave based on what I was told by our politicians &amp; using @BBC as a key source of information.‚Ä¶,@BBC
0.0,Sun Apr 08 20:52:35 +0000 2018,0.0,1.0,0.0,88,@cjsienna55 @BrutalVeracity @Eagle50425849 @Icon99558924 @JLadstone @OhRoyalOne @shaistasalam1 @JSinghF @lunermoth‚Ä¶ https://t.co/ljqwfzosHF,@BBC
0.34,Sun Apr 08 20:52:18 +0000 2018,0.0,0.876,0.124,89,"RT @ComplexitySol: ""Historians will conclude @BBC‚Äôs coverage played part in outcome of #EUReferendum &amp; subsequent process. A subtle skewing‚Ä¶",@BBC
0.0,Sun Apr 08 20:52:06 +0000 2018,0.0,1.0,0.0,90,RT @docrussjackson: So @RobBurl @afneil @EvanHD @marr @sarahsands100 &amp; @bbcnickrobinson of @BBCNews @BBCPolitics @BBCNewsnight &amp; @BBCr4toda‚Ä¶,@BBC
-0.382,Sun Apr 08 20:52:03 +0000 2018,0.126,0.874,0.0,91,RT @semiasleep: @WillBlackWriter @BBC Probably something very deep and potentially embarrassing yet to be revealed. This could have somethi‚Ä¶,@BBC
0.66,Sun Apr 08 20:51:51 +0000 2018,0.0,0.72,0.28,92,"RT @mikegalsworthy: Read the comments under this. Longstanding defenders of the @BBC are giving up on it in droves.

We want a robust, deep‚Ä¶",@BBC
0.0,Sun Apr 08 20:51:50 +0000 2018,0.0,1.0,0.0,93,"RT @BBC: üò∫üí¶ This is Maya the jaguar's very first swim!  
#BigCatsAboutTheHouse https://t.co/IacZP3ltf3",@BBC
0.0,Sun Apr 08 20:51:44 +0000 2018,0.0,1.0,0.0,94,@nytimes @gcamarotti @USATODAY @cristilobo @elpais_espana @showdavida @realwbonner @clarincom @washingtonpost‚Ä¶ https://t.co/yU2tZ9DRWt,@BBC
0.0,Sun Apr 08 20:51:31 +0000 2018,0.0,1.0,0.0,95,My money's on the maid #OrdealByInnocence @bbc,@BBC
0.0,Sun Apr 08 20:51:26 +0000 2018,0.0,1.0,0.0,96,RT @docrussjackson: So @RobBurl @afneil @EvanHD @marr @sarahsands100 &amp; @bbcnickrobinson of @BBCNews @BBCPolitics @BBCNewsnight &amp; @BBCr4toda‚Ä¶,@BBC
0.0,Sun Apr 08 20:51:15 +0000 2018,0.0,1.0,0.0,97,@BBC @FliteUS what kinda dad meme is this,@BBC
0.226,Sun Apr 08 20:51:12 +0000 2018,0.066,0.82,0.115,98,"@ThomasPride @BBC @Arron_banks Well, the Leave campaign did make people swallow a red herring, hook, line and sinker.",@BBC
0.42,Sun Apr 08 20:51:05 +0000 2018,0.072,0.793,0.134,99,"RT @Unsilversurfer: The @BBC is NOT trustworthy. It is NOT impartial. It is simply NOT to be believed anymore!
The @BBC is as biased, corru‚Ä¶",@BBC
0.0,Sun Apr 08 21:02:51 +0000 2018,0.0,1.0,0.0,0,"RT @J_wack: @FriedgeHNIC @Sportsnet @CBC @RonMacLeanHTH Hi guys, I am the little brother of Stephen Wack, who didn't make it last night in‚Ä¶",@CBC
0.0,Sun Apr 08 21:02:44 +0000 2018,0.0,1.0,0.0,1,@HeartlandOnCBC @TrueChadMartin @CBC @Amber_Marshall @graham714 @Hoganfilm @kevin_mcGarry @MichelleMorgan_‚Ä¶ https://t.co/sc0WhsYQPG,@CBC
0.0,Sun Apr 08 21:02:13 +0000 2018,0.0,1.0,0.0,2,"RT @CBC: See what all the buzz was about. | @CBCArts
https://t.co/cObi5nmkbU",@CBC
0.0,Sun Apr 08 21:01:46 +0000 2018,0.0,1.0,0.0,3,"RT @J_wack: @FriedgeHNIC @Sportsnet @CBC @RonMacLeanHTH Hi guys, I am the little brother of Stephen Wack, who didn't make it last night in‚Ä¶",@CBC
0.0,Sun Apr 08 21:01:32 +0000 2018,0.0,1.0,0.0,4,@HeartlandOnCBC @TrueChadMartin @CBC @Amber_Marshall @graham714 @Hoganfilm @kevin_mcGarry @MichelleMorgan_‚Ä¶ https://t.co/J2ViCqfxY7,@CBC
0.273,Sun Apr 08 21:01:28 +0000 2018,0.0,0.811,0.189,5,@CBC @thaciana_barros @WitchOats How well do you know Kristin kreuk,@CBC
0.0,Sun Apr 08 21:00:50 +0000 2018,0.0,1.0,0.0,6,"RT @CBC: See what all the buzz was about. | @CBCArts
https://t.co/cObi5nmkbU",@CBC
0.0,Sun Apr 08 21:00:48 +0000 2018,0.0,1.0,0.0,7,"RT @J_wack: @FriedgeHNIC @Sportsnet @CBC @RonMacLeanHTH Hi guys, I am the little brother of Stephen Wack, who didn't make it last night in‚Ä¶",@CBC
0.0,Sun Apr 08 21:00:48 +0000 2018,0.0,1.0,0.0,8,"RT @J_wack: @FriedgeHNIC @Sportsnet @CBC @RonMacLeanHTH Hi guys, I am the little brother of Stephen Wack, who didn't make it last night in‚Ä¶",@CBC
0.772,Sun Apr 08 21:00:33 +0000 2018,0.0,0.412,0.588,9,@CBC @CBCArts THAT IS AWESOME!!!,@CBC
0.784,Sun Apr 08 21:00:29 +0000 2018,0.0,0.533,0.467,10,@J_wack @cee_love05 @FriedgeHNIC @Sportsnet @CBC @RonMacLeanHTH RIP and play!  God bless you!üôè,@CBC
0.0,Sun Apr 08 21:00:22 +0000 2018,0.0,1.0,0.0,11,"RT @J_wack: @FriedgeHNIC @Sportsnet @CBC @RonMacLeanHTH Hi guys, I am the little brother of Stephen Wack, who didn't make it last night in‚Ä¶",@CBC
0.0,Sun Apr 08 21:00:17 +0000 2018,0.0,1.0,0.0,12,"RT @J_wack: @FriedgeHNIC @Sportsnet @CBC @RonMacLeanHTH Hi guys, I am the little brother of Stephen Wack, who didn't make it last night in‚Ä¶",@CBC
0.226,Sun Apr 08 20:59:56 +0000 2018,0.198,0.558,0.244,13,"@Andrew_the_Celt @john_jakester Know what I like about @Kathleen_Wynne ? No, seriously @CBC , please tell me. I see‚Ä¶ https://t.co/cEGZk7vWHk",@CBC
0.422,Sun Apr 08 20:59:47 +0000 2018,0.0,0.896,0.104,14,"@Peady @CBC I‚Äôm already flipping back and fourth from curling to baseball. Lol. I own Milan on DVD though, may have to dust it off later üòä",@CBC
0.0,Sun Apr 08 20:59:20 +0000 2018,0.0,1.0,0.0,15,"RT @J_wack: @FriedgeHNIC @Sportsnet @CBC @RonMacLeanHTH Hi guys, I am the little brother of Stephen Wack, who didn't make it last night in‚Ä¶",@CBC
0.0,Sun Apr 08 20:58:57 +0000 2018,0.0,1.0,0.0,16,"RT @J_wack: @FriedgeHNIC @Sportsnet @CBC @RonMacLeanHTH Hi guys, I am the little brother of Stephen Wack, who didn't make it last night in‚Ä¶",@CBC
0.0,Sun Apr 08 20:57:52 +0000 2018,0.0,1.0,0.0,17,"RT @J_wack: @FriedgeHNIC @Sportsnet @CBC @RonMacLeanHTH Hi guys, I am the little brother of Stephen Wack, who didn't make it last night in‚Ä¶",@CBC
0.0,Sun Apr 08 20:57:45 +0000 2018,0.0,1.0,0.0,18,"RT @J_wack: @FriedgeHNIC @Sportsnet @CBC @RonMacLeanHTH Hi guys, I am the little brother of Stephen Wack, who didn't make it last night in‚Ä¶",@CBC
0.0,Sun Apr 08 20:56:48 +0000 2018,0.0,1.0,0.0,19,"RT @J_wack: @FriedgeHNIC @Sportsnet @CBC @RonMacLeanHTH Hi guys, I am the little brother of Stephen Wack, who didn't make it last night in‚Ä¶",@CBC
0.572,Sun Apr 08 20:56:33 +0000 2018,0.0,0.748,0.252,20,@MabelCendn @HeartlandOnCBC @CBC @Amber_Marshall @alijnewton I also know it will be a happy wait,@CBC
0.0,Sun Apr 08 20:55:53 +0000 2018,0.0,1.0,0.0,21,"RT @J_wack: @FriedgeHNIC @Sportsnet @CBC @RonMacLeanHTH Hi guys, I am the little brother of Stephen Wack, who didn't make it last night in‚Ä¶",@CBC
-0.422,Sun Apr 08 20:55:48 +0000 2018,0.123,0.877,0.0,22,RT @Vancity: Financial worries are keeping Canadian #women up at night ‚Äî here's how to flip the switch: https://t.co/UTnn5ngmrg via @CBC  #‚Ä¶,@CBC
0.361,Sun Apr 08 20:55:45 +0000 2018,0.0,0.848,0.152,23,"@MabelCendn @HeartlandOnCBC @CBC @Amber_Marshall @alijnewton Mable I agree, even if there is a season 12 announced‚Ä¶ https://t.co/8pUsOaPFCD",@CBC
0.0,Sun Apr 08 20:55:41 +0000 2018,0.0,1.0,0.0,24,"RT @J_wack: @FriedgeHNIC @Sportsnet @CBC @RonMacLeanHTH Hi guys, I am the little brother of Stephen Wack, who didn't make it last night in‚Ä¶",@CBC
0.0,Sun Apr 08 20:55:30 +0000 2018,0.0,1.0,0.0,25,"RT @J_wack: @FriedgeHNIC @Sportsnet @CBC @RonMacLeanHTH Hi guys, I am the little brother of Stephen Wack, who didn't make it last night in‚Ä¶",@CBC
-0.477,Sun Apr 08 20:54:42 +0000 2018,0.277,0.621,0.102,26,"@cbc #Geoengineering aims to slow #globalwarming by manipulating #climate https://t.co/qzxfYLBGeV
Playing with fire https://t.co/B1iONeNgdg",@CBC
0.0,Sun Apr 08 20:54:13 +0000 2018,0.0,1.0,0.0,27,"RT @J_wack: @FriedgeHNIC @Sportsnet @CBC @RonMacLeanHTH Hi guys, I am the little brother of Stephen Wack, who didn't make it last night in‚Ä¶",@CBC
-0.735,Sun Apr 08 20:54:00 +0000 2018,0.437,0.563,0.0,28,How bad is Canada's #foodwaste problem? #sociallyconsciousliving https://t.co/pFehelMSE1 by @cbc,@CBC
0.0,Sun Apr 08 20:53:59 +0000 2018,0.0,1.0,0.0,29,"RT @J_wack: @FriedgeHNIC @Sportsnet @CBC @RonMacLeanHTH Hi guys, I am the little brother of Stephen Wack, who didn't make it last night in‚Ä¶",@CBC
0.0,Sun Apr 08 20:53:51 +0000 2018,0.0,1.0,0.0,30,"RT @J_wack: @FriedgeHNIC @Sportsnet @CBC @RonMacLeanHTH Hi guys, I am the little brother of Stephen Wack, who didn't make it last night in‚Ä¶",@CBC
0.0,Sun Apr 08 20:53:29 +0000 2018,0.0,1.0,0.0,31,"RT @J_wack: @FriedgeHNIC @Sportsnet @CBC @RonMacLeanHTH Hi guys, I am the little brother of Stephen Wack, who didn't make it last night in‚Ä¶",@CBC
0.202,Sun Apr 08 20:53:26 +0000 2018,0.111,0.737,0.153,32,@LeslieDanielJa1 @HeartlandOnCBC @CBC @alijnewton @Amber_Marshall @Hoganfilm @kevin_mcGarry Leslie I am envious. Hope I get to see it soon.,@CBC
0.0,Sun Apr 08 20:53:23 +0000 2018,0.0,1.0,0.0,33,"RT @J_wack: @FriedgeHNIC @Sportsnet @CBC @RonMacLeanHTH Hi guys, I am the little brother of Stephen Wack, who didn't make it last night in‚Ä¶",@CBC
0.0,Sun Apr 08 20:53:03 +0000 2018,0.0,1.0,0.0,34,"RT @J_wack: @FriedgeHNIC @Sportsnet @CBC @RonMacLeanHTH Hi guys, I am the little brother of Stephen Wack, who didn't make it last night in‚Ä¶",@CBC
0.0,Sun Apr 08 20:52:49 +0000 2018,0.0,1.0,0.0,35,"RT @J_wack: @FriedgeHNIC @Sportsnet @CBC @RonMacLeanHTH Hi guys, I am the little brother of Stephen Wack, who didn't make it last night in‚Ä¶",@CBC
0.0,Sun Apr 08 20:52:22 +0000 2018,0.0,1.0,0.0,36,"RT @J_wack: @FriedgeHNIC @Sportsnet @CBC @RonMacLeanHTH Hi guys, I am the little brother of Stephen Wack, who didn't make it last night in‚Ä¶",@CBC
0.0,Sun Apr 08 20:52:10 +0000 2018,0.0,1.0,0.0,37,MULAN IS ON @CBC!!! #PSA,@CBC
0.0,Sun Apr 08 20:52:04 +0000 2018,0.0,1.0,0.0,38,"RT @J_wack: @FriedgeHNIC @Sportsnet @CBC @RonMacLeanHTH Hi guys, I am the little brother of Stephen Wack, who didn't make it last night in‚Ä¶",@CBC
0.0,Sun Apr 08 20:51:58 +0000 2018,0.0,1.0,0.0,39,"RT @J_wack: @FriedgeHNIC @Sportsnet @CBC @RonMacLeanHTH Hi guys, I am the little brother of Stephen Wack, who didn't make it last night in‚Ä¶",@CBC
0.34,Sun Apr 08 20:51:41 +0000 2018,0.0,0.893,0.107,40,RT @annamcmills: @J_wack @FriedgeHNIC @Sportsnet @CBC @RonMacLeanHTH Hi again Justin - part of the video will be played within the first fe‚Ä¶,@CBC
0.0,Sun Apr 08 20:51:24 +0000 2018,0.0,1.0,0.0,41,"RT @J_wack: @FriedgeHNIC @Sportsnet @CBC @RonMacLeanHTH Hi guys, I am the little brother of Stephen Wack, who didn't make it last night in‚Ä¶",@CBC
0.0,Sun Apr 08 20:51:23 +0000 2018,0.0,1.0,0.0,42,"@Beutebadener @fiedelseb @CBC Kriege immer das Gef√ºhl, dass es in Deutschland so umst√§ndlich wie m√∂glich gehen muss‚Ä¶ https://t.co/EvgDBH9Umr",@CBC
0.0,Sun Apr 08 20:51:21 +0000 2018,0.0,1.0,0.0,43,"RT @J_wack: @FriedgeHNIC @Sportsnet @CBC @RonMacLeanHTH Hi guys, I am the little brother of Stephen Wack, who didn't make it last night in‚Ä¶",@CBC
0.0,Sun Apr 08 20:49:55 +0000 2018,0.0,1.0,0.0,44,"RT @J_wack: @FriedgeHNIC @Sportsnet @CBC @RonMacLeanHTH Hi guys, I am the little brother of Stephen Wack, who didn't make it last night in‚Ä¶",@CBC
0.0,Sun Apr 08 20:49:37 +0000 2018,0.0,1.0,0.0,45,"RT @J_wack: @FriedgeHNIC @Sportsnet @CBC @RonMacLeanHTH Hi guys, I am the little brother of Stephen Wack, who didn't make it last night in‚Ä¶",@CBC
0.0,Sun Apr 08 20:49:37 +0000 2018,0.0,1.0,0.0,46,"RT @J_wack: @FriedgeHNIC @Sportsnet @CBC @RonMacLeanHTH Hi guys, I am the little brother of Stephen Wack, who didn't make it last night in‚Ä¶",@CBC
0.0,Sun Apr 08 20:49:03 +0000 2018,0.0,1.0,0.0,47,"RT @J_wack: @FriedgeHNIC @Sportsnet @CBC @RonMacLeanHTH Hi guys, I am the little brother of Stephen Wack, who didn't make it last night in‚Ä¶",@CBC
0.0,Sun Apr 08 20:48:14 +0000 2018,0.0,1.0,0.0,48,"RT @J_wack: @FriedgeHNIC @Sportsnet @CBC @RonMacLeanHTH Hi guys, I am the little brother of Stephen Wack, who didn't make it last night in‚Ä¶",@CBC
0.0,Sun Apr 08 20:48:00 +0000 2018,0.0,1.0,0.0,49,"RT @J_wack: @FriedgeHNIC @Sportsnet @CBC @RonMacLeanHTH Hi guys, I am the little brother of Stephen Wack, who didn't make it last night in‚Ä¶",@CBC
0.0,Sun Apr 08 20:47:23 +0000 2018,0.0,1.0,0.0,50,"RT @J_wack: @FriedgeHNIC @Sportsnet @CBC @RonMacLeanHTH Hi guys, I am the little brother of Stephen Wack, who didn't make it last night in‚Ä¶",@CBC
0.0,Sun Apr 08 20:47:20 +0000 2018,0.0,1.0,0.0,51,"RT @J_wack: @FriedgeHNIC @Sportsnet @CBC @RonMacLeanHTH Hi guys, I am the little brother of Stephen Wack, who didn't make it last night in‚Ä¶",@CBC
0.567,Sun Apr 08 20:46:53 +0000 2018,0.093,0.635,0.272,52,@J_wack @FriedgeHNIC @Sportsnet @CBC @RonMacLeanHTH Thank you so much for sharing this. Watched it with tears.,@CBC
0.0,Sun Apr 08 20:46:51 +0000 2018,0.0,1.0,0.0,53,"RT @J_wack: @FriedgeHNIC @Sportsnet @CBC @RonMacLeanHTH Hi guys, I am the little brother of Stephen Wack, who didn't make it last night in‚Ä¶",@CBC
0.0,Sun Apr 08 20:46:37 +0000 2018,0.0,1.0,0.0,54,"RT @J_wack: @FriedgeHNIC @Sportsnet @CBC @RonMacLeanHTH Hi guys, I am the little brother of Stephen Wack, who didn't make it last night in‚Ä¶",@CBC
0.0,Sun Apr 08 20:46:36 +0000 2018,0.0,1.0,0.0,55,@ahmadelezaby @Hamidooov @IdmanAZTV @CBC ŸÑŸÖÿß ÿßÿ¥ŸàŸÅ ŸÉÿØŸá,@CBC
0.0,Sun Apr 08 20:46:30 +0000 2018,0.0,1.0,0.0,56,"RT @J_wack: @FriedgeHNIC @Sportsnet @CBC @RonMacLeanHTH Hi guys, I am the little brother of Stephen Wack, who didn't make it last night in‚Ä¶",@CBC
0.791,Sun Apr 08 20:46:20 +0000 2018,0.0,0.696,0.304,57,"@J_wack @FriedgeHNIC @Sportsnet @CBC @RonMacLeanHTH Justin, your brother was so talented, in so many ways.  Thank y‚Ä¶ https://t.co/llYHoKoKgY",@CBC
0.0,Sun Apr 08 20:46:12 +0000 2018,0.0,1.0,0.0,58,"RT @J_wack: @FriedgeHNIC @Sportsnet @CBC @RonMacLeanHTH Hi guys, I am the little brother of Stephen Wack, who didn't make it last night in‚Ä¶",@CBC
0.0,Sun Apr 08 20:46:10 +0000 2018,0.0,1.0,0.0,59,@ahmedtalaat119 @Hamidooov @IdmanAZTV @CBC ŸÖŸÖŸÉŸÜ ÿ®ÿ™ÿßÿπ ÿßŸÑŸàÿµŸÑÿ©,@CBC
0.0,Sun Apr 08 20:46:02 +0000 2018,0.0,1.0,0.0,60,@lilypop00 @HeartlandOnCBC @CBC @Amber_Marshall @graham714 @Hoganfilm @kevin_mcGarry @MichelleMorgan_ That is one o‚Ä¶ https://t.co/ywmbAPue74,@CBC
0.0,Sun Apr 08 20:46:01 +0000 2018,0.0,1.0,0.0,61,"@Beutebadener @fiedelseb Unterschreibe ich nicht.
√ñffentlich Rechtliche sollten nicht durch einen umst√§ndlichen Run‚Ä¶ https://t.co/VrQfXINy1n",@CBC
-0.527,Sun Apr 08 20:45:44 +0000 2018,0.173,0.827,0.0,62,"RT @fleurdelis30: See how JCCF, which is funded by @acoyne from @CBC, uses Rebel Media to spread lies and for fundraising. #cdnpoli 
@Patty‚Ä¶",@CBC
0.0,Sun Apr 08 20:45:25 +0000 2018,0.0,1.0,0.0,63,"RT @J_wack: @FriedgeHNIC @Sportsnet @CBC @RonMacLeanHTH Hi guys, I am the little brother of Stephen Wack, who didn't make it last night in‚Ä¶",@CBC
0.0,Sun Apr 08 20:45:04 +0000 2018,0.0,1.0,0.0,64,"RT @J_wack: @FriedgeHNIC @Sportsnet @CBC @RonMacLeanHTH Hi guys, I am the little brother of Stephen Wack, who didn't make it last night in‚Ä¶",@CBC
0.0,Sun Apr 08 20:44:41 +0000 2018,0.0,1.0,0.0,65,@ahmadelezaby @Hamidooov @IdmanAZTV @CBC ŸäÿπŸÜŸä ÿßÿ™ŸàŸÉŸÑ Ÿàÿßÿ¥ÿ™ÿ±Ÿä ÿ®ÿ≥ ŸÖÿ≠ÿ™ÿßÿ¨ ÿ®ŸäŸÅŸáŸÖ ŸÅ ÿ≠Ÿàÿßÿ± ÿØŸá ŸàŸäÿ¨Ÿäÿ® ŸÇŸÜŸàÿßÿ™ ÿØŸä,@CBC
0.0,Sun Apr 08 20:44:36 +0000 2018,0.0,1.0,0.0,66,"RT @J_wack: @FriedgeHNIC @Sportsnet @CBC @RonMacLeanHTH Hi guys, I am the little brother of Stephen Wack, who didn't make it last night in‚Ä¶",@CBC
0.68,Sun Apr 08 20:44:30 +0000 2018,0.0,0.682,0.318,67,"RT @annamcmills: @ithrow79 @J_wack @FriedgeHNIC @Sportsnet @CBC @RonMacLeanHTH Thank you for sharing this, Drew!",@CBC
0.5,Sun Apr 08 20:44:11 +0000 2018,0.0,0.855,0.145,68,RT @SimuLiu: A little video I made commemorating one of the most incredible years of my life. THANK YOU @etalkCTV @BenMulroney @KimsConveni‚Ä¶,@CBC
0.0,Sun Apr 08 20:44:05 +0000 2018,0.0,1.0,0.0,69,"RT @J_wack: @FriedgeHNIC @Sportsnet @CBC @RonMacLeanHTH Hi guys, I am the little brother of Stephen Wack, who didn't make it last night in‚Ä¶",@CBC
0.0,Sun Apr 08 20:44:01 +0000 2018,0.0,1.0,0.0,70,"RT @J_wack: @FriedgeHNIC @Sportsnet @CBC @RonMacLeanHTH Hi guys, I am the little brother of Stephen Wack, who didn't make it last night in‚Ä¶",@CBC
0.0,Sun Apr 08 20:43:52 +0000 2018,0.0,1.0,0.0,71,"RT @J_wack: @FriedgeHNIC @Sportsnet @CBC @RonMacLeanHTH Hi guys, I am the little brother of Stephen Wack, who didn't make it last night in‚Ä¶",@CBC
0.0,Sun Apr 08 20:43:41 +0000 2018,0.0,1.0,0.0,72,"RT @J_wack: @FriedgeHNIC @Sportsnet @CBC @RonMacLeanHTH Hi guys, I am the little brother of Stephen Wack, who didn't make it last night in‚Ä¶",@CBC
0.0,Sun Apr 08 20:43:31 +0000 2018,0.0,1.0,0.0,73,"RT @iAndreaBang: #kimsconvenience videos, cast/character info, articles, etc. all available for view here: https://t.co/jQQtPy7jVn. Get rea‚Ä¶",@CBC
0.0,Sun Apr 08 20:43:12 +0000 2018,0.0,1.0,0.0,74,"RT @J_wack: @FriedgeHNIC @Sportsnet @CBC @RonMacLeanHTH Hi guys, I am the little brother of Stephen Wack, who didn't make it last night in‚Ä¶",@CBC
0.0,Sun Apr 08 20:43:10 +0000 2018,0.0,1.0,0.0,75,@ahmedtalaat119 @Hamidooov @IdmanAZTV @CBC ŸáŸäÿ∞ŸäÿπŸàÿß,@CBC
0.0,Sun Apr 08 20:43:05 +0000 2018,0.0,1.0,0.0,76,"RT @J_wack: @FriedgeHNIC @Sportsnet @CBC @RonMacLeanHTH Hi guys, I am the little brother of Stephen Wack, who didn't make it last night in‚Ä¶",@CBC
0.0,Sun Apr 08 20:42:55 +0000 2018,0.0,1.0,0.0,77,"RT @J_wack: @FriedgeHNIC @Sportsnet @CBC @RonMacLeanHTH Hi guys, I am the little brother of Stephen Wack, who didn't make it last night in‚Ä¶",@CBC
0.0,Sun Apr 08 20:42:36 +0000 2018,0.0,1.0,0.0,78,"RT @J_wack: @FriedgeHNIC @Sportsnet @CBC @RonMacLeanHTH Hi guys, I am the little brother of Stephen Wack, who didn't make it last night in‚Ä¶",@CBC
0.0,Sun Apr 08 20:42:25 +0000 2018,0.0,1.0,0.0,79,@ahmadelezaby @Hamidooov @IdmanAZTV @CBC ÿßŸáÿß ŸàŸäŸÖŸÉŸÜ ÿπÿØ ÿ™ŸÜÿßÿ≤ŸÑŸä ÿπÿßÿØŸä ŸÑŸÖÿß ÿßÿ¥ŸàŸÅ ÿ®ŸÅŸÉÿ± ŸÅ ÿßŸÑŸÖŸàÿ∂Ÿàÿπ,@CBC
0.0,Sun Apr 08 20:42:15 +0000 2018,0.0,1.0,0.0,80,"RT @J_wack: @FriedgeHNIC @Sportsnet @CBC @RonMacLeanHTH Hi guys, I am the little brother of Stephen Wack, who didn't make it last night in‚Ä¶",@CBC
0.85,Sun Apr 08 20:42:13 +0000 2018,0.0,0.697,0.303,81,Absolutely love the show @WorkinMoms! But it would be so much better if those ladies could #FreeTheV on screen! I'm‚Ä¶ https://t.co/6IOdFvfz4J,@CBC
0.0,Sun Apr 08 20:41:53 +0000 2018,0.0,1.0,0.0,82,"RT @J_wack: @FriedgeHNIC @Sportsnet @CBC @RonMacLeanHTH Hi guys, I am the little brother of Stephen Wack, who didn't make it last night in‚Ä¶",@CBC
0.0,Sun Apr 08 20:41:39 +0000 2018,0.0,1.0,0.0,83,"RT @CBC: Live coverage of the vigil in #Humboldt will air on CBC News Network, CBC TV, https://t.co/xNmOSEXsZc, @CBCNews social channels an‚Ä¶",@CBC
-0.599,Sun Apr 08 20:41:29 +0000 2018,0.187,0.813,0.0,84,"@adrarab @fiedelseb Und die echte Frage wird wieder verpasst:
Warum muss es einen Rundfunkbeitrag geben, der umst√§n‚Ä¶ https://t.co/uZFqEqRWwZ",@CBC
0.457,Sun Apr 08 20:40:15 +0000 2018,0.0,0.786,0.214,85,@gclemmer73 @thaciana_barros @WitchOats Hopefully!  What do you need to know George?  @CBC,@CBC
0.0,Sun Apr 08 20:40:02 +0000 2018,0.0,1.0,0.0,86,"RT @J_wack: @FriedgeHNIC @Sportsnet @CBC @RonMacLeanHTH Hi guys, I am the little brother of Stephen Wack, who didn't make it last night in‚Ä¶",@CBC
0.0,Sun Apr 08 20:39:36 +0000 2018,0.0,1.0,0.0,87,"RT @J_wack: @FriedgeHNIC @Sportsnet @CBC @RonMacLeanHTH Hi guys, I am the little brother of Stephen Wack, who didn't make it last night in‚Ä¶",@CBC
0.0,Sun Apr 08 20:39:29 +0000 2018,0.0,1.0,0.0,88,"RT @J_wack: @FriedgeHNIC @Sportsnet @CBC @RonMacLeanHTH Hi guys, I am the little brother of Stephen Wack, who didn't make it last night in‚Ä¶",@CBC
0.0,Sun Apr 08 20:39:08 +0000 2018,0.0,1.0,0.0,89,"RT @J_wack: @FriedgeHNIC @Sportsnet @CBC @RonMacLeanHTH Hi guys, I am the little brother of Stephen Wack, who didn't make it last night in‚Ä¶",@CBC
0.0,Sun Apr 08 20:38:40 +0000 2018,0.0,1.0,0.0,90,"RT @J_wack: @FriedgeHNIC @Sportsnet @CBC @RonMacLeanHTH Hi guys, I am the little brother of Stephen Wack, who didn't make it last night in‚Ä¶",@CBC
0.0,Sun Apr 08 20:38:35 +0000 2018,0.0,1.0,0.0,91,"RT @J_wack: @FriedgeHNIC @Sportsnet @CBC @RonMacLeanHTH Hi guys, I am the little brother of Stephen Wack, who didn't make it last night in‚Ä¶",@CBC
0.0,Sun Apr 08 20:38:32 +0000 2018,0.0,1.0,0.0,92,"RT @J_wack: @FriedgeHNIC @Sportsnet @CBC @RonMacLeanHTH Hi guys, I am the little brother of Stephen Wack, who didn't make it last night in‚Ä¶",@CBC
0.273,Sun Apr 08 20:38:18 +0000 2018,0.123,0.711,0.166,93,"@RosieBarton @JustinTrudeau @CBCTheNational @CBC and theirs just love to stir the pot, they know exactly what they are doing. Shame",@CBC
0.0,Sun Apr 08 20:38:13 +0000 2018,0.0,1.0,0.0,94,"RT @J_wack: @FriedgeHNIC @Sportsnet @CBC @RonMacLeanHTH Hi guys, I am the little brother of Stephen Wack, who didn't make it last night in‚Ä¶",@CBC
0.0,Sun Apr 08 20:37:46 +0000 2018,0.0,1.0,0.0,95,"RT @J_wack: @FriedgeHNIC @Sportsnet @CBC @RonMacLeanHTH Hi guys, I am the little brother of Stephen Wack, who didn't make it last night in‚Ä¶",@CBC
0.0,Sun Apr 08 20:37:38 +0000 2018,0.0,1.0,0.0,96,"RT @J_wack: @FriedgeHNIC @Sportsnet @CBC @RonMacLeanHTH Hi guys, I am the little brother of Stephen Wack, who didn't make it last night in‚Ä¶",@CBC
-0.44,Sun Apr 08 20:37:34 +0000 2018,0.2,0.681,0.119,97,"RT @carolecadwalla: Also this. From @CBC, Canada's national broadcaster, is helpful background. Includes the ""murder video"" that Cambridge‚Ä¶",@CBC
0.0,Sun Apr 08 20:37:18 +0000 2018,0.0,1.0,0.0,98,"RT @J_wack: @FriedgeHNIC @Sportsnet @CBC @RonMacLeanHTH Hi guys, I am the little brother of Stephen Wack, who didn't make it last night in‚Ä¶",@CBC
0.28,Sun Apr 08 20:36:50 +0000 2018,0.178,0.596,0.226,99,"@J_wack @FriedgeHNIC @Sportsnet @CBC @RonMacLeanHTH So deeply sorry for you loss, Justin. Thank you for sharing thi‚Ä¶ https://t.co/mspVa6Gkm4",@CBC
-0.103,Sun Apr 08 21:03:22 +0000 2018,0.06,0.94,0.0,0,RT @realDonaldTrump: Check out the fact that you can‚Äôt get a job at ratings challenged @CNN unless you state that you are totally anti-Trum‚Ä¶,@CNN
0.0,Sun Apr 08 21:03:16 +0000 2018,0.0,1.0,0.0,1,@CNN  https://t.co/rLA0ZfR3V6,@CNN
-0.681,Sun Apr 08 21:03:16 +0000 2018,0.211,0.789,0.0,2,@CNN It does look frightening if you didn‚Äôt know it was just a peice of pipe. There are enough crazy people with gu‚Ä¶ https://t.co/uFXhDAllLb,@CNN
0.226,Sun Apr 08 21:03:13 +0000 2018,0.0,0.826,0.174,3,@CNN Allow me to hike my leg on that one,@CNN
0.0,Sun Apr 08 21:03:13 +0000 2018,0.0,1.0,0.0,4,"RT @CNN: Musician and National Rifle Association board member Ted Nugent likens Democrats, media, academics to ""rabid coyotes"" https://t.co‚Ä¶",@CNN
0.0,Sun Apr 08 21:03:11 +0000 2018,0.0,1.0,0.0,5,"RT @CNN: ""Black Panther"" passes ""Titanic"" at the box office https://t.co/8WgQH7sDJI https://t.co/xJA0PQLPe1",@CNN
0.0,Sun Apr 08 21:03:11 +0000 2018,0.0,1.0,0.0,6,@Aristotle1969 @freespirit4eva1 @IrritableGirl @CNN You mean there's banking in countries that are further left? Al‚Ä¶ https://t.co/N6F6hCjJhd,@CNN
0.226,Sun Apr 08 21:03:08 +0000 2018,0.0,0.921,0.079,7,"RT @robynanne: North Korea has told the U.S. that Kim Jong Un is prepared to discuss the denuclearization of the Korean Peninsula, accordin‚Ä¶",@CNN
-0.586,Sun Apr 08 21:03:07 +0000 2018,0.459,0.338,0.203,8,@CNN Hell no. Rabid coyotes are way smarter,@CNN
0.0,Sun Apr 08 21:03:07 +0000 2018,0.0,1.0,0.0,9,@yogo_felix @CNN üòÜüòÜüòÜ really now? Google the Rift Valley. It‚Äôs 2 different tectonic plates slowly moving apart. In a‚Ä¶ https://t.co/U4gDHlirWz,@CNN
0.0,Sun Apr 08 21:03:07 +0000 2018,0.0,1.0,0.0,10,"RT @CNN: ""Black Panther"" passes ""Titanic"" at the box office https://t.co/8WgQH7sDJI https://t.co/xJA0PQLPe1",@CNN
0.422,Sun Apr 08 21:03:05 +0000 2018,0.0,0.887,0.113,11,"RT @BusterUSMC: army veteran Chuck Holton: ""I was in Nicaragua, and I saw, a @CNN  infomercial on how to come illegally into the United Sta‚Ä¶",@CNN
0.0,Sun Apr 08 21:03:04 +0000 2018,0.0,1.0,0.0,12,"RT @CNN: ""Black Panther"" passes ""Titanic"" at the box office https://t.co/8WgQH7sDJI https://t.co/xJA0PQLPe1",@CNN
0.0,Sun Apr 08 21:03:03 +0000 2018,0.0,1.0,0.0,13,@realDonaldTrump @BarackObama @ladygaga @SpeakerRyan @NancyPelosi @SenateMajLdr @SenSchumer @GOP @DNC @katyperry‚Ä¶ https://t.co/bz2mPYcXL7,@CNN
0.791,Sun Apr 08 21:03:02 +0000 2018,0.0,0.364,0.636,14,@CNN Love ted...hes a true American https://t.co/kZapoMl9hg,@CNN
0.792,Sun Apr 08 21:03:01 +0000 2018,0.0,0.636,0.364,15,@CNN It warms my heart to know Ted feels like his opinion is relevant any longer. I HA!,@CNN
0.0,Sun Apr 08 21:03:01 +0000 2018,0.0,1.0,0.0,16,@KatyTurNBC @MSNBC @CNN @AriMelber @JoyAnnReid @CoryBooker @KamalaHarris @FBI @chrislhayes @maddow @PhilMurphyNJ‚Ä¶ https://t.co/0YSK2JW85D,@CNN
0.128,Sun Apr 08 21:03:01 +0000 2018,0.105,0.766,0.129,17,"RT @CNN: Mexican President to Trump: ""Nothing and no one stands above the dignity of Mexico."" https://t.co/2C5VVONFAk https://t.co/EqIotPJC‚Ä¶",@CNN
0.0,Sun Apr 08 21:02:59 +0000 2018,0.0,1.0,0.0,18,"RT @CNN: ""Black Panther"" passes ""Titanic"" at the box office https://t.co/8WgQH7sDJI https://t.co/xJA0PQLPe1",@CNN
0.077,Sun Apr 08 21:02:59 +0000 2018,0.0,0.902,0.098,19,"RT @perfectsliders: .@CNN reports, 82% of Americans say they want DACA to continue",@CNN
-0.612,Sun Apr 08 21:02:59 +0000 2018,0.2,0.8,0.0,20,@CNN This from the guy who cowardly avoided service in Vietnam by crapping his own pants and bragging about it late‚Ä¶ https://t.co/NZ0bt36eoZ,@CNN
-0.941,Sun Apr 08 21:02:53 +0000 2018,0.424,0.576,0.0,21,RT @RealDuckies: Listen to this imbecile try to spin their failed attempt to creat a crisis at the border. Which actually back fired on the‚Ä¶,@CNN
-0.316,Sun Apr 08 21:02:53 +0000 2018,0.276,0.724,0.0,22,"@endcorruption22 @CNN @FoxNews Shut up, propaganda bot!",@CNN
0.0,Sun Apr 08 21:02:50 +0000 2018,0.0,1.0,0.0,23,@JaneGoWest1 @CNN That‚Äôs what I‚Äôm saying!,@CNN
0.0,Sun Apr 08 21:02:50 +0000 2018,0.0,1.0,0.0,24,@ravensspirit68 @Deeenst @sctuten @RobertDRoseJr1 @KateNicholson14 @LelenaPeacock @JoeAllenNewman @Cyndereller‚Ä¶ https://t.co/JSjCEIx9hU,@CNN
0.0,Sun Apr 08 21:02:48 +0000 2018,0.0,1.0,0.0,25,@AD_Makinde @obi_lastborn @CNN Thula Ajid it's you that have nothing to offer,@CNN
-0.066,Sun Apr 08 21:02:46 +0000 2018,0.137,0.736,0.127,26,When will @CNN learn that people are so much smarter and aware of @CNNPolitics LIES and #FakeNews about the Greates‚Ä¶ https://t.co/EHMSEPC9vf,@CNN
-0.612,Sun Apr 08 21:02:45 +0000 2018,0.357,0.643,0.0,27,"RT @CNN: Lightning strike kills 1, injures 4 in Florida https://t.co/EWeVc4RN27 https://t.co/oN64XlUtqB",@CNN
0.0,Sun Apr 08 21:02:42 +0000 2018,0.0,1.0,0.0,28,@NittanyNC @canyongal @burkett_dennis @RayBlehar @HBO @PS4RS @ScottPaterno @JayPaterno @wensilver @CNN @Berkland4‚Ä¶ https://t.co/lWjErPKV24,@CNN
0.0,Sun Apr 08 21:02:40 +0000 2018,0.0,1.0,0.0,29,@bourgeoisalien @CNN @VanJones68 I knew that ;  ),@CNN
0.0,Sun Apr 08 21:02:37 +0000 2018,0.0,1.0,0.0,30,@duhcity @CNN !!!,@CNN
0.402,Sun Apr 08 21:02:36 +0000 2018,0.0,0.824,0.176,31,"RT @CNN: ""I would bet on American democracy surviving this bleak period, for sure, but the challenge is stiffer than any we've faced in my‚Ä¶",@CNN
-0.026,Sun Apr 08 21:02:36 +0000 2018,0.101,0.802,0.097,32,"RT @counterchekist: ^^ Fair warning @CNN; FBI is asking #WhoFundsTheFederalist, too. And there aren‚Äôt many questions FBI is asking at this‚Ä¶",@CNN
-0.66,Sun Apr 08 21:02:36 +0000 2018,0.329,0.671,0.0,33,@XStrategiesDC @CNN Oh no according to haters Putin and Rump are an item,@CNN
0.44,Sun Apr 08 21:02:35 +0000 2018,0.0,0.83,0.17,34,"RT @CNN: This 17-year-old student got accepted into 19 top universities, including Yale, Stanford, Columbia and the London School of Econom‚Ä¶",@CNN
-0.66,Sun Apr 08 21:02:34 +0000 2018,0.197,0.803,0.0,35,@CNN He has threatened the lives of all Democrats with his gun. When do the police handle this? Will he have to kil‚Ä¶ https://t.co/kg8jproJVn,@CNN
0.0,Sun Apr 08 21:02:33 +0000 2018,0.0,1.0,0.0,36,"RT @Robynmonty: @CNN @zbyronwolf ‚ÄúBasically‚Äù-really? This is called spinning and just further proof CNN is not a news network, it‚Äôs an exte‚Ä¶",@CNN
0.0,Sun Apr 08 21:02:31 +0000 2018,0.0,1.0,0.0,37,@CNN  https://t.co/amlOaLm0PS,@CNN
-0.4,Sun Apr 08 21:02:30 +0000 2018,0.35,0.65,0.0,38,@CNN Somebody needs to shoot him!,@CNN
0.649,Sun Apr 08 21:02:29 +0000 2018,0.0,0.782,0.218,39,"RT @CNN: The mystery of a 4,000-year-old ancient Egyptian mummy's head has finally been solved, after the FBI successfully extracted DNA fr‚Ä¶",@CNN
0.0,Sun Apr 08 21:02:28 +0000 2018,0.0,1.0,0.0,40,"@brianstelter @JBeatonNews You know @brianstelter, Sinclair might be exactly how you and @JBeatonNews describe but‚Ä¶ https://t.co/gONtv7AaKM",@CNN
0.0,Sun Apr 08 21:02:28 +0000 2018,0.0,1.0,0.0,41,"RT @CNN: Musician and National Rifle Association board member Ted Nugent likens Democrats, media, academics to ""rabid coyotes"" https://t.co‚Ä¶",@CNN
0.0,Sun Apr 08 21:02:27 +0000 2018,0.0,1.0,0.0,42,@CNN ü§Æ,@CNN
0.0,Sun Apr 08 21:02:23 +0000 2018,0.0,1.0,0.0,43,"RT @CNN: ""Saturday Night Live"" returns to take shots at President Trump and Fox News https://t.co/SjH2wwaAfK https://t.co/a7ubQUY5kP",@CNN
0.659,Sun Apr 08 21:02:23 +0000 2018,0.0,0.313,0.687,44,@CNN Great tv!,@CNN
0.0,Sun Apr 08 21:02:21 +0000 2018,0.0,1.0,0.0,45,"RT @CNN: ""Black Panther"" passes ""Titanic"" at the box office https://t.co/8WgQH7sDJI https://t.co/xJA0PQLPe1",@CNN
0.0,Sun Apr 08 21:02:19 +0000 2018,0.0,1.0,0.0,46,"RT @CNN: ""Black Panther"" passes ""Titanic"" at the box office https://t.co/8WgQH7sDJI https://t.co/xJA0PQLPe1",@CNN
-0.202,Sun Apr 08 21:02:19 +0000 2018,0.146,0.759,0.095,47,"RT @CNN: Sinclair allows critical ad to air, sandwiched between its defense https://t.co/ycNHghvdZE https://t.co/XZEWcSb5kf",@CNN
-0.789,Sun Apr 08 21:02:19 +0000 2018,0.268,0.732,0.0,48,"@CNN @CNN is so damn hateful, they won't even tell you that an unprecedented event just happened .  See @FoxNews ne‚Ä¶ https://t.co/zU55agcsq4",@CNN
-0.241,Sun Apr 08 21:02:18 +0000 2018,0.179,0.821,0.0,49,RT @shawnslawns4u: @CNN @zbyronwolf CNN literally can't tell the truth.,@CNN
-0.519,Sun Apr 08 21:02:15 +0000 2018,0.164,0.762,0.074,50,"RT @bourgeoisalien: @CNN @VanJones68 funny, i've been saying that for a long time, but when i do, twitter fools call me a 'russian bot' 

h‚Ä¶",@CNN
-0.477,Sun Apr 08 21:02:14 +0000 2018,0.14,0.86,0.0,51,"@TxConnection7 @CNN He was caught in Novermber of 2009 and had to issue a retraction statement and blamed it on ""interns"".",@CNN
0.44,Sun Apr 08 21:02:14 +0000 2018,0.0,0.83,0.17,52,"RT @CNN: This 17-year-old student got accepted into 19 top universities, including Yale, Stanford, Columbia and the London School of Econom‚Ä¶",@CNN
0.402,Sun Apr 08 21:02:14 +0000 2018,0.0,0.787,0.213,53,@CNN We can't expect everybody in this world to be smart.,@CNN
0.259,Sun Apr 08 21:02:13 +0000 2018,0.0,0.88,0.12,54,@CNN CNN do you have any pro Trump host? If not you're nothing better than a tabloid.,@CNN
-0.743,Sun Apr 08 21:02:11 +0000 2018,0.284,0.631,0.085,55,"RT @nOt24seven: @inclusiveness81 @CNN üòÇüòÇ that coward needed to resign cuz she was definitely going to get fired. And just so you know, the‚Ä¶",@CNN
-0.442,Sun Apr 08 21:02:11 +0000 2018,0.279,0.562,0.159,56,@CNN Why has he not been arrested for inciting violence ??,@CNN
0.0,Sun Apr 08 21:02:09 +0000 2018,0.0,1.0,0.0,57,RT @TXMilitary: #BREAKING: #Texas #NationalGuard are currently on the ground across the Texas - Mexico #border with @CBP preparing for more‚Ä¶,@CNN
0.0,Sun Apr 08 21:02:08 +0000 2018,0.0,1.0,0.0,58,"@CNN Foaming at the mouth, and lashing out at anything they see?   Yeh, about right",@CNN
-0.44,Sun Apr 08 21:02:07 +0000 2018,0.127,0.873,0.0,59,"RT @ToscaAusten: Reminder: Former CIA Director John Brennan turned @CNN contributor, is under investigation for leaks and perjury on the pe‚Ä¶",@CNN
0.572,Sun Apr 08 21:02:04 +0000 2018,0.0,0.619,0.381,60,@clmuseum @ElderLansing @Alyssa_Milano @CNN Our pleasure üå∑ https://t.co/HHxNMsogFG,@CNN
0.0,Sun Apr 08 21:02:04 +0000 2018,0.0,1.0,0.0,61,"RT @CNN: ""Black Panther"" passes ""Titanic"" at the box office https://t.co/8WgQH7sDJI https://t.co/xJA0PQLPe1",@CNN
-0.026,Sun Apr 08 21:02:02 +0000 2018,0.101,0.802,0.097,62,"RT @counterchekist: ^^ Fair warning @CNN; FBI is asking #WhoFundsTheFederalist, too. And there aren‚Äôt many questions FBI is asking at this‚Ä¶",@CNN
0.0,Sun Apr 08 21:02:02 +0000 2018,0.0,1.0,0.0,63,RT @CNN: A former city official in Georgia used the N-word while pushing for Confederate History Month at a city meeting https://t.co/KZffA‚Ä¶,@CNN
0.772,Sun Apr 08 21:02:01 +0000 2018,0.0,0.729,0.271,64,"RT @ShahinShahini9: Brave ladyÿå
 #GolrokhIraee 
We will be with you until  your free  and our master #taheri  from oppression
#SaveGolrokh‚Ä¶",@CNN
-0.583,Sun Apr 08 21:01:59 +0000 2018,0.264,0.631,0.105,65,"@doodlebug0 @EthanObama @CNN CNN is bullshit. They're owned by corporate America, just like most democrats.
Stop ea‚Ä¶ https://t.co/n5uoPHTlhy",@CNN
0.0,Sun Apr 08 21:01:58 +0000 2018,0.0,1.0,0.0,66,"RT @CNN: ""Black Panther"" passes ""Titanic"" at the box office https://t.co/8WgQH7sDJI https://t.co/xJA0PQLPe1",@CNN
0.0,Sun Apr 08 21:01:58 +0000 2018,0.0,1.0,0.0,67,@b_pinheiro21 @aisnabi24 @DavidEd72028112 @Cody91909767 @CNN @zbyronwolf Watch Sam Sheppard or Juan Williams on Fox‚Ä¶ https://t.co/eIa2qH9Kcc,@CNN
0.202,Sun Apr 08 21:01:57 +0000 2018,0.115,0.729,0.156,68,"RT @CNN: Trump's favorite tactic is criminalizing his critics, writes Julian Zelizer for @CNNOpinion https://t.co/JMmCSz9e60 https://t.co/C‚Ä¶",@CNN
-0.599,Sun Apr 08 21:01:56 +0000 2018,0.206,0.794,0.0,69,En de #YouTubeShooter was een Iraanse emigrante die was geregistreerd als Democrat en #PETA dierenrechten-activiste‚Ä¶ https://t.co/7l6AP5gTzQ,@CNN
-0.202,Sun Apr 08 21:01:56 +0000 2018,0.146,0.759,0.095,70,"RT @CNN: Sinclair allows critical ad to air, sandwiched between its defense https://t.co/ycNHghvdZE https://t.co/XZEWcSb5kf",@CNN
0.0,Sun Apr 08 21:01:54 +0000 2018,0.0,1.0,0.0,71,RT @RJBrodsky: What @MiddleEastGuy just said on @CNN is right on #Syria. Last year after Trump responded with cruise missiles I wrote the a‚Ä¶,@CNN
-0.026,Sun Apr 08 21:01:54 +0000 2018,0.137,0.732,0.132,72,@CNN @VanJones68 That's just because your progressive Socialist dreams are crushed and being replaced with American‚Ä¶ https://t.co/XoMFaUmR8r,@CNN
0.0,Sun Apr 08 21:01:52 +0000 2018,0.0,1.0,0.0,73,@Paulaminger1 @Scooterocket @news_store_com @AngelCIraq214 @FedEx @RepDonBeyer @HillaryClinton @BarackObama‚Ä¶ https://t.co/OAl5ueE4Yi,@CNN
0.0,Sun Apr 08 21:01:51 +0000 2018,0.0,1.0,0.0,74,"RT @CNN: ""Saturday Night Live"" returns to take shots at President Trump and Fox News https://t.co/SjH2wwaAfK https://t.co/a7ubQUY5kP",@CNN
0.402,Sun Apr 08 21:01:51 +0000 2018,0.0,0.816,0.184,75,"@AD_Makinde @obi_lastborn @CNN Yes of course, CNN would highlights even her Facebook Posts.",@CNN
-0.941,Sun Apr 08 21:01:50 +0000 2018,0.424,0.576,0.0,76,RT @RealDuckies: Listen to this imbecile try to spin their failed attempt to creat a crisis at the border. Which actually back fired on the‚Ä¶,@CNN
-0.103,Sun Apr 08 21:01:50 +0000 2018,0.078,0.861,0.061,77,"RT @CNN: A Florida middle school teacher is resigning after it was found she was also the host of a white supremacist podcast called ""Unapo‚Ä¶",@CNN
0.0,Sun Apr 08 21:01:48 +0000 2018,0.0,1.0,0.0,78,"RT @CNN: Musician and National Rifle Association board member Ted Nugent likens Democrats, media, academics to ""rabid coyotes"" https://t.co‚Ä¶",@CNN
-0.202,Sun Apr 08 21:01:45 +0000 2018,0.146,0.759,0.095,79,"RT @CNN: Sinclair allows critical ad to air, sandwiched between its defense https://t.co/ycNHghvdZE https://t.co/XZEWcSb5kf",@CNN
0.0,Sun Apr 08 21:01:44 +0000 2018,0.0,1.0,0.0,80,"RT @CNN: ""Black Panther"" passes ""Titanic"" at the box office https://t.co/8WgQH7sDJI https://t.co/xJA0PQLPe1",@CNN
0.0,Sun Apr 08 21:01:43 +0000 2018,0.0,1.0,0.0,81,"RT @CNN: Musician and National Rifle Association board member Ted Nugent likens Democrats, media, academics to ""rabid coyotes"" https://t.co‚Ä¶",@CNN
-0.402,Sun Apr 08 21:01:42 +0000 2018,0.137,0.863,0.0,82,I think a big problem with the last Presidential election was buying into the cable networks 24hr Drama machine.‚Ä¶ https://t.co/B4pJlsT6pZ,@CNN
-0.103,Sun Apr 08 21:01:42 +0000 2018,0.287,0.463,0.25,83,"@CNN @CNNOpinion Yes he is , just worse .",@CNN
-0.494,Sun Apr 08 21:01:41 +0000 2018,0.122,0.878,0.0,84,@cnn starts off by naming the moron that drove into people and then in the middle of the article says that the subj‚Ä¶ https://t.co/C1vh5DcgG5,@CNN
0.44,Sun Apr 08 21:01:41 +0000 2018,0.0,0.83,0.17,85,"RT @CNN: This 17-year-old student got accepted into 19 top universities, including Yale, Stanford, Columbia and the London School of Econom‚Ä¶",@CNN
0.0,Sun Apr 08 21:01:41 +0000 2018,0.0,1.0,0.0,86,RT @CNN: This is the first luxury hotel in space. You'll be able to visit in just four years ‚Äî if you have $9.5 million to spare https://t.‚Ä¶,@CNN
0.44,Sun Apr 08 21:01:40 +0000 2018,0.0,0.83,0.17,87,"RT @CNN: This 17-year-old student got accepted into 19 top universities, including Yale, Stanford, Columbia and the London School of Econom‚Ä¶",@CNN
0.402,Sun Apr 08 21:01:40 +0000 2018,0.0,0.824,0.176,88,"RT @CNN: ""I would bet on American democracy surviving this bleak period, for sure, but the challenge is stiffer than any we've faced in my‚Ä¶",@CNN
0.0,Sun Apr 08 21:01:40 +0000 2018,0.0,1.0,0.0,89,"RT @rameshchahal: 133 humanitarian welfare works are going on under Saint Dr @Gurmeetramrahim Ji's continuous supervision, in India and abr‚Ä¶",@CNN
0.0,Sun Apr 08 21:01:40 +0000 2018,0.0,1.0,0.0,90,RT @CNN: A former city official in Georgia used the N-word while pushing for Confederate History Month at a city meeting https://t.co/MiyfB‚Ä¶,@CNN
0.0,Sun Apr 08 21:01:38 +0000 2018,0.0,1.0,0.0,91,RT @CNN: Cambridge Analytica whistleblower says data could've come from more than 87 million users and be stored in Russia https://t.co/N0Y‚Ä¶,@CNN
0.0,Sun Apr 08 21:01:38 +0000 2018,0.0,1.0,0.0,92,"RT @CNN: ""Black Panther"" passes ""Titanic"" at the box office https://t.co/8WgQH7sDJI https://t.co/xJA0PQLPe1",@CNN
0.44,Sun Apr 08 21:01:35 +0000 2018,0.0,0.83,0.17,93,"RT @CNN: This 17-year-old student got accepted into 19 top universities, including Yale, Stanford, Columbia and the London School of Econom‚Ä¶",@CNN
0.813,Sun Apr 08 21:01:31 +0000 2018,0.0,0.517,0.483,94,@CNN Haha funny because he is the one that behaves like one.,@CNN
0.273,Sun Apr 08 21:01:30 +0000 2018,0.0,0.741,0.259,95,@CNN Well there goes his career...oh wait,@CNN
-0.62,Sun Apr 08 21:01:30 +0000 2018,0.253,0.747,0.0,96,@CNN Why dont you report on all the hate the left is spewing??,@CNN
-0.477,Sun Apr 08 21:01:30 +0000 2018,0.147,0.853,0.0,97,@wrdsnfctsmttr @CNN @CNNOpinion He attack the President Trump wife about her accent reading to young  children at t‚Ä¶ https://t.co/5aG7Z4uNQH,@CNN
0.0,Sun Apr 08 21:01:28 +0000 2018,0.0,1.0,0.0,98,@CNN Ted who?,@CNN
0.0,Sun Apr 08 21:01:28 +0000 2018,0.0,1.0,0.0,99,@CNN Musician :)),@CNN
0.0,Sun Apr 08 21:03:25 +0000 2018,0.0,1.0,0.0,0,"@cprice1440 @FoxNews @GovBrewer @realDonaldTump Amen to that.

#CalExit",@FoxNews
-0.802,Sun Apr 08 21:03:25 +0000 2018,0.356,0.644,0.0,1,RT @FoxNews: NY Times Op-Ed slamming 'Chappaquiddick' film as 'character assassination' spurs online outrage https://t.co/51am3hJGgV,@FoxNews
-0.599,Sun Apr 08 21:03:25 +0000 2018,0.206,0.794,0.0,2,RT @MariaBartiromo: Gordon Chang: China trade war has been happening for decades https://t.co/F3b0nOpmeP @SundayFutures @FoxNews @GordonGCh‚Ä¶,@FoxNews
-0.647,Sun Apr 08 21:03:24 +0000 2018,0.308,0.574,0.118,3,"@FoxNews @DiamondandSilk that is so stupid. Diamond &amp; Silk, are Patriots...Fakebook is a crap hole of Libtards...",@FoxNews
0.361,Sun Apr 08 21:03:24 +0000 2018,0.0,0.737,0.263,4,@randalldrew @RepublicanSlay1 @brianstelter @FoxNews Just like your neckline,@FoxNews
0.0,Sun Apr 08 21:03:23 +0000 2018,0.0,1.0,0.0,5,@foxnews @realdonaldtrump https://t.co/QB5Md7IORS,@FoxNews
0.361,Sun Apr 08 21:03:23 +0000 2018,0.0,0.884,0.116,6,RT @FoxNews: BREAKING NEWS: North Korea has told the @realDonaldTrump administration that Kim Jong Un is ready to discuss denuclearization‚Ä¶,@FoxNews
0.0,Sun Apr 08 21:03:23 +0000 2018,0.0,1.0,0.0,7,RT @jerweber: @PortPublicus @FoxNews @realDonaldTrump You libturds are jelus of all the deels and all the MAGA!!!! #TrumpTrain #Flag #BaldE‚Ä¶,@FoxNews
0.402,Sun Apr 08 21:03:22 +0000 2018,0.0,0.881,0.119,8,"RT @FoxNews: .@DiamondandSilk: ""If a privately owned bakery has to go against their Christian values to bake a cake, then Mark Zuckerberg i‚Ä¶",@FoxNews
0.382,Sun Apr 08 21:03:22 +0000 2018,0.0,0.776,0.224,9,@FoxNews @realDonaldTrump The media will give Obama the credit. https://t.co/EKb2OMNy8D,@FoxNews
-0.511,Sun Apr 08 21:03:22 +0000 2018,0.248,0.752,0.0,10,RT @ICEQuotient: #Deplorables #MAGA @JimmyKimmelLive is sub-human pervert.  #BoycottJimmyKimmelSponsors #BoycottJimmyKimmel @realDonaldTrum‚Ä¶,@FoxNews
-0.472,Sun Apr 08 21:03:21 +0000 2018,0.113,0.887,0.0,11,RT @OMGno2trump: Just when I think @GOP and @FoxNews can't get any more twisted they come up with this.  They can't win on facts or issues‚Ä¶,@FoxNews
0.361,Sun Apr 08 21:03:21 +0000 2018,0.0,0.884,0.116,12,RT @FoxNews: BREAKING NEWS: North Korea has told the @realDonaldTrump administration that Kim Jong Un is ready to discuss denuclearization‚Ä¶,@FoxNews
-0.248,Sun Apr 08 21:03:21 +0000 2018,0.161,0.721,0.119,13,"@FoxNews @POTUS It‚Äôs Called Due Diligence Duck Weed!
Let Poison Gas Be Confirmed By United States Inspectors First‚Ä¶ https://t.co/Fa3gfgZI22",@FoxNews
0.361,Sun Apr 08 21:03:21 +0000 2018,0.0,0.884,0.116,14,RT @FoxNews: BREAKING NEWS: North Korea has told the @realDonaldTrump administration that Kim Jong Un is ready to discuss denuclearization‚Ä¶,@FoxNews
0.226,Sun Apr 08 21:03:20 +0000 2018,0.14,0.681,0.179,15,@FoxNews Conservatives love manufacturing outrage over nothing. Sean Hannity went after the Obama kids and not one‚Ä¶ https://t.co/jjFfXCyqOp,@FoxNews
0.394,Sun Apr 08 21:03:20 +0000 2018,0.0,0.883,0.117,16,@realDonaldTrump What would you know about a novel? Have you ever read anything? If it's not on @FoxNews then to yo‚Ä¶ https://t.co/RdYx2q9P81,@FoxNews
0.361,Sun Apr 08 21:03:19 +0000 2018,0.0,0.884,0.116,17,RT @FoxNews: BREAKING NEWS: North Korea has told the @realDonaldTrump administration that Kim Jong Un is ready to discuss denuclearization‚Ä¶,@FoxNews
0.361,Sun Apr 08 21:03:19 +0000 2018,0.0,0.884,0.116,18,RT @FoxNews: BREAKING NEWS: North Korea has told the @realDonaldTrump administration that Kim Jong Un is ready to discuss denuclearization‚Ä¶,@FoxNews
0.361,Sun Apr 08 21:03:19 +0000 2018,0.0,0.865,0.135,19,RT @FoxNews: BREAKING: North Korea tells the Trump administration that it is ready to discuss denuclearization. https://t.co/gR9KrFO9gw,@FoxNews
0.226,Sun Apr 08 21:03:19 +0000 2018,0.215,0.526,0.258,20,"RT @FoxNews: Trump Tower fire victim was prominent art dealer, friends with Andy Warhol https://t.co/ENvsX7P2Po",@FoxNews
0.0,Sun Apr 08 21:03:18 +0000 2018,0.0,1.0,0.0,21,RT @TomFitton: Tom Fitton talks Loretta Lynch's interview with Lester Holt.  Her corrupt tarmac meeting with Bill Clinton is back in the ne‚Ä¶,@FoxNews
0.361,Sun Apr 08 21:03:18 +0000 2018,0.0,0.865,0.135,22,RT @FoxNews: BREAKING: North Korea tells the Trump administration that it is ready to discuss denuclearization. https://t.co/gR9KrFO9gw,@FoxNews
-0.477,Sun Apr 08 21:03:17 +0000 2018,0.162,0.838,0.0,23,@azstudigital @4387921_4 @FoxNews @POTUS Is this real or did you get it from CNN fake news? üòÇüòÇüòÇüòÇüòÇüòÇüòÇüòÇüòÇ,@FoxNews
-0.73,Sun Apr 08 21:03:16 +0000 2018,0.189,0.811,0.0,24,"RT @AblodeGbadja1: Mr.JAMES GERARD, WHY DID YOU LET @MCCgov GIVE $35M OF TAX PAYERS MONEY TO @FEGnassingbe WHOSE FAMILY HAS BEEN KILLING PE‚Ä¶",@FoxNews
0.361,Sun Apr 08 21:03:16 +0000 2018,0.0,0.884,0.116,25,RT @FoxNews: BREAKING NEWS: North Korea has told the @realDonaldTrump administration that Kim Jong Un is ready to discuss denuclearization‚Ä¶,@FoxNews
-0.052,Sun Apr 08 21:03:16 +0000 2018,0.156,0.699,0.145,26,@AdinaHill @jgkight61 @Guy_Blow @FoxNews Kim is trying to survive and nuclear weapons can help that.,@FoxNews
0.402,Sun Apr 08 21:03:16 +0000 2018,0.0,0.881,0.119,27,"RT @FoxNews: .@DiamondandSilk: ""If a privately owned bakery has to go against their Christian values to bake a cake, then Mark Zuckerberg i‚Ä¶",@FoxNews
0.0,Sun Apr 08 21:03:15 +0000 2018,0.0,1.0,0.0,28,"@FoxNews @TomFitton @TheJusticeDept @HillaryClinton Hey Fox, how does it feel to be Trump‚Äôs Chief of Staff?",@FoxNews
0.296,Sun Apr 08 21:03:15 +0000 2018,0.0,0.732,0.268,29,@TrevorRicci1 @limajoe2 @FoxNews @JudgeJeanine @FLOTUS @realDonaldTrump Yep üòä,@FoxNews
0.226,Sun Apr 08 21:03:15 +0000 2018,0.0,0.905,0.095,30,@FrancineKirschn @FoxNews Are you joking? That is not reality. They are married. Noone runs for politics without su‚Ä¶ https://t.co/XpdGivdUU8,@FoxNews
0.4,Sun Apr 08 21:03:15 +0000 2018,0.0,0.863,0.137,31,"@FoxNews @DiamondandSilk Facebook certainly is not inclusive! Apparently, it is turning into a private club for left wing liberals.",@FoxNews
-0.637,Sun Apr 08 21:03:15 +0000 2018,0.206,0.794,0.0,32,@FoxNews @POTUS Why didn‚Äôt you drop the hammer on Assad when he did the Sarin attack in 2012 on his own people?,@FoxNews
0.0,Sun Apr 08 21:03:14 +0000 2018,0.0,1.0,0.0,33,@FoxNews @realDonaldTrump Trump üí™üá∫üá∏,@FoxNews
0.493,Sun Apr 08 21:03:14 +0000 2018,0.0,0.834,0.166,34,"@FoxNews @realDonaldTrump Keyword,, Trump Administration, knowing he isn't long for this position!  But hope is sti‚Ä¶ https://t.co/h1cUBZzn2J",@FoxNews
0.103,Sun Apr 08 21:03:14 +0000 2018,0.0,0.931,0.069,35,So it seems the fiction writers at @FoxNews crafted years of material in anticipation of a Clinton presidency and a‚Ä¶ https://t.co/cVyIdHynBx,@FoxNews
0.402,Sun Apr 08 21:03:13 +0000 2018,0.0,0.881,0.119,36,"RT @FoxNews: .@DiamondandSilk: ""If a privately owned bakery has to go against their Christian values to bake a cake, then Mark Zuckerberg i‚Ä¶",@FoxNews
0.0,Sun Apr 08 21:03:13 +0000 2018,0.0,1.0,0.0,37,@FoxNews üëç,@FoxNews
-0.318,Sun Apr 08 21:03:13 +0000 2018,0.119,0.881,0.0,38,RT @breaking411: Stranger goes on ‚Äòadventure‚Äô to retrieve woman‚Äôs passport after she posted a desperate plea on Reddit https://t.co/icSaqF6‚Ä¶,@FoxNews
0.0,Sun Apr 08 21:03:13 +0000 2018,0.0,1.0,0.0,39,@FoxNews @DiamondandSilk These two...,@FoxNews
0.0,Sun Apr 08 21:03:12 +0000 2018,0.0,1.0,0.0,40,@Golfman072 @Education4Libs @realDonaldTrump @mitchellvii @FoxNews @DiamondandSilk @seanhannity @marklevinshow‚Ä¶ https://t.co/c1v7DL4Y9e,@FoxNews
0.422,Sun Apr 08 21:03:12 +0000 2018,0.0,0.682,0.318,41,@FoxNews @realDonaldTrump Lol. He‚Äôs trolling you Donnie,@FoxNews
-0.472,Sun Apr 08 21:03:12 +0000 2018,0.113,0.887,0.0,42,RT @OMGno2trump: Just when I think @GOP and @FoxNews can't get any more twisted they come up with this.  They can't win on facts or issues‚Ä¶,@FoxNews
-0.273,Sun Apr 08 21:03:11 +0000 2018,0.1,0.9,0.0,43,"@FoxNews The demoncraps are something else,yes they are. Just goes to show how low informed they are.they voted for‚Ä¶ https://t.co/1UKo85hgAG",@FoxNews
0.712,Sun Apr 08 21:03:11 +0000 2018,0.0,0.73,0.27,44,@FoxNews It's not a conspiracy theory because it really happened and it's not character assassination since this is‚Ä¶ https://t.co/FP0E7M0DER,@FoxNews
0.361,Sun Apr 08 21:03:11 +0000 2018,0.0,0.884,0.116,45,RT @FoxNews: BREAKING NEWS: North Korea has told the @realDonaldTrump administration that Kim Jong Un is ready to discuss denuclearization‚Ä¶,@FoxNews
0.292,Sun Apr 08 21:03:11 +0000 2018,0.0,0.897,0.103,46,@FoxNews Oh BOO HOO. he's such a meanie.  Get over it. I don't remember anyone screaming at anyone for disrespecting Mrs. Obama.,@FoxNews
0.402,Sun Apr 08 21:03:11 +0000 2018,0.0,0.881,0.119,47,"RT @FoxNews: .@DiamondandSilk: ""If a privately owned bakery has to go against their Christian values to bake a cake, then Mark Zuckerberg i‚Ä¶",@FoxNews
0.361,Sun Apr 08 21:03:10 +0000 2018,0.0,0.884,0.116,48,RT @FoxNews: BREAKING NEWS: North Korea has told the @realDonaldTrump administration that Kim Jong Un is ready to discuss denuclearization‚Ä¶,@FoxNews
0.226,Sun Apr 08 21:03:10 +0000 2018,0.0,0.808,0.192,49,@brich000 @potuschecker45 @christistark012 @crandallgold @Joeblow2857 @Carriefouts1 @seanhannity @FoxNews Okay.,@FoxNews
-0.485,Sun Apr 08 21:03:09 +0000 2018,0.206,0.794,0.0,50,RT @harrischanning: @FoxNews Let me get this straight-it's a public service to destroy a conservative with lies but character assassination‚Ä¶,@FoxNews
0.0,Sun Apr 08 21:03:09 +0000 2018,0.0,1.0,0.0,51,RT @FoxNews: States sending troops to Mexico border. https://t.co/lROHVeMd6u,@FoxNews
-0.153,Sun Apr 08 21:03:09 +0000 2018,0.118,0.882,0.0,52,RT @SniperUpRange: @FoxNews @realDonaldTrump That awkward moment when you realize Trumps your DADDY.,@FoxNews
0.0,Sun Apr 08 21:03:09 +0000 2018,0.0,1.0,0.0,53,"RT @FoxNews: Tommy Kilbride: ""These landing mat fences don't work. So anyone that says the wall won't work has never been on the border."" h‚Ä¶",@FoxNews
0.0,Sun Apr 08 21:03:08 +0000 2018,0.0,1.0,0.0,54,@FoxNews If the film is factually correct then it is not ‚Äúcharacter assassination.‚Äù,@FoxNews
0.0,Sun Apr 08 21:03:08 +0000 2018,0.0,1.0,0.0,55,@wimbongers @buzztruus @Yapo_el_guapo @GBlonet @RonnieDeRunner @kr4ydnb @erikmouthaanRTL @SPnl @jack @annefleurdd‚Ä¶ https://t.co/bsjGf5vb3t,@FoxNews
0.527,Sun Apr 08 21:03:08 +0000 2018,0.0,0.532,0.468,56,"@FoxNews @realDonaldTrump Yeah, yeah, yeah... uhm ""RIGHT""",@FoxNews
0.361,Sun Apr 08 21:03:08 +0000 2018,0.0,0.884,0.116,57,RT @FoxNews: BREAKING NEWS: North Korea has told the @realDonaldTrump administration that Kim Jong Un is ready to discuss denuclearization‚Ä¶,@FoxNews
0.374,Sun Apr 08 21:03:08 +0000 2018,0.0,0.835,0.165,58,@TerriPoMom3 @jimmykimmel @seanhannity @FoxNews What about the mother of a POTUS? Is it ok then?,@FoxNews
-0.746,Sun Apr 08 21:03:08 +0000 2018,0.25,0.75,0.0,59,"@FoxNews @DiamondandSilk But their ""truth"" is just more Kremlin propaganda bullshit.
&lt;which is why they are on Fox News so much&gt;",@FoxNews
0.0,Sun Apr 08 21:03:07 +0000 2018,0.0,1.0,0.0,60,RT @FoxNews: .@michellemalkin on 2020 census to include citizenship question https://t.co/VkfSanaVEp,@FoxNews
0.361,Sun Apr 08 21:03:07 +0000 2018,0.0,0.884,0.116,61,RT @FoxNews: BREAKING NEWS: North Korea has told the @realDonaldTrump administration that Kim Jong Un is ready to discuss denuclearization‚Ä¶,@FoxNews
0.402,Sun Apr 08 21:03:07 +0000 2018,0.0,0.881,0.119,62,"RT @FoxNews: .@DiamondandSilk: ""If a privately owned bakery has to go against their Christian values to bake a cake, then Mark Zuckerberg i‚Ä¶",@FoxNews
0.361,Sun Apr 08 21:03:06 +0000 2018,0.0,0.884,0.116,63,RT @FoxNews: BREAKING NEWS: North Korea has told the @realDonaldTrump administration that Kim Jong Un is ready to discuss denuclearization‚Ä¶,@FoxNews
-0.649,Sun Apr 08 21:03:06 +0000 2018,0.275,0.725,0.0,64,RT @FoxNews: Outrage at Kimmel comments on Melania surges as protest petition exceeds 50K signatures https://t.co/riRjV4TDX4,@FoxNews
-0.649,Sun Apr 08 21:03:06 +0000 2018,0.275,0.725,0.0,65,RT @FoxNews: Outrage at Kimmel comments on Melania surges as protest petition nears 50K signatures https://t.co/riRjV4TDX4,@FoxNews
0.44,Sun Apr 08 21:03:06 +0000 2018,0.0,0.756,0.244,66,"@THE_REALISTIC @FoxNews @realDonaldTrump Hope not, for yours and country's sake.",@FoxNews
0.318,Sun Apr 08 21:03:06 +0000 2018,0.14,0.573,0.287,67,"@FoxNews Kimmel is no comedian, surprised that his show is still running.",@FoxNews
-0.649,Sun Apr 08 21:03:06 +0000 2018,0.275,0.725,0.0,68,RT @FoxNews: Outrage at Kimmel comments on Melania surges as protest petition exceeds 50K signatures https://t.co/riRjV4TDX4,@FoxNews
0.0,Sun Apr 08 21:03:05 +0000 2018,0.0,1.0,0.0,69,@tojo13 @FoxNews @kdeleon @realDonaldTrump Actually I have read it and our reps should have to!  You can not random‚Ä¶ https://t.co/LRAYUkvlyC,@FoxNews
-0.361,Sun Apr 08 21:03:05 +0000 2018,0.106,0.894,0.0,70,"RT @FoxNews: .@TomFitton: ""@TheJusticeDept was a mess under Loretta Lynch. This meeting was an indication or an example of the way it bent‚Ä¶",@FoxNews
0.361,Sun Apr 08 21:03:05 +0000 2018,0.0,0.884,0.116,71,RT @FoxNews: BREAKING NEWS: North Korea has told the @realDonaldTrump administration that Kim Jong Un is ready to discuss denuclearization‚Ä¶,@FoxNews
0.827,Sun Apr 08 21:03:04 +0000 2018,0.0,0.674,0.326,72,@FoxNews Thank God we have such a great President. NOBODY else has been able to do what President Trump has done. ‚ù§Ô∏è‚ù§Ô∏è‚ù§Ô∏è,@FoxNews
0.318,Sun Apr 08 21:03:04 +0000 2018,0.0,0.813,0.187,73,@jjbmjj0700 @FoxNews @t0lerantparad0x @realDonaldTrump The truth?  Trump never uttered it. #TrumpLies,@FoxNews
0.361,Sun Apr 08 21:03:04 +0000 2018,0.0,0.884,0.116,74,RT @FoxNews: BREAKING NEWS: North Korea has told the @realDonaldTrump administration that Kim Jong Un is ready to discuss denuclearization‚Ä¶,@FoxNews
0.0,Sun Apr 08 21:03:03 +0000 2018,0.0,1.0,0.0,75,@realDonaldTrump @BarackObama @ladygaga @SpeakerRyan @NancyPelosi @SenateMajLdr @SenSchumer @GOP @DNC @katyperry‚Ä¶ https://t.co/bz2mPYcXL7,@FoxNews
0.361,Sun Apr 08 21:03:03 +0000 2018,0.0,0.884,0.116,76,RT @FoxNews: BREAKING NEWS: North Korea has told the @realDonaldTrump administration that Kim Jong Un is ready to discuss denuclearization‚Ä¶,@FoxNews
-0.765,Sun Apr 08 21:03:03 +0000 2018,0.268,0.732,0.0,77,"RT @breaking411: Crowley says GOP attacking Pelosi because 'bankrupt on ideas,' mum on plan to lead House caucus https://t.co/u43f8Uw8P4 @F‚Ä¶",@FoxNews
0.0,Sun Apr 08 21:03:03 +0000 2018,0.0,1.0,0.0,78,@elizabethecarte @KeithDobermann @Dan_2_0 @RepSwalwell @POTUS @realDonaldTrump @FoxNews Did your tin hat fall off?‚Ä¶ https://t.co/lrSKfJUR2D,@FoxNews
0.271,Sun Apr 08 21:03:03 +0000 2018,0.161,0.57,0.269,79,@FoxNews Trump will be played like a 70 year old fiddle by a young imbalanced maniac!,@FoxNews
0.402,Sun Apr 08 21:03:03 +0000 2018,0.0,0.828,0.172,80,RT @FoxNews: .@DonaldJTrumpJr tweets his support for 'Roseanne' while skewering late night hosts https://t.co/vxAm33yedR,@FoxNews
-0.382,Sun Apr 08 21:03:02 +0000 2018,0.206,0.794,0.0,81,@Mrsmmtbeauty @FoxNews Says the people with the guns who threaten children.,@FoxNews
0.361,Sun Apr 08 21:03:02 +0000 2018,0.0,0.865,0.135,82,RT @FoxNews: BREAKING: North Korea tells the Trump administration that it is ready to discuss denuclearization. https://t.co/gR9KrFO9gw,@FoxNews
0.361,Sun Apr 08 21:03:02 +0000 2018,0.0,0.884,0.116,83,RT @FoxNews: BREAKING NEWS: North Korea has told the @realDonaldTrump administration that Kim Jong Un is ready to discuss denuclearization‚Ä¶,@FoxNews
0.361,Sun Apr 08 21:03:01 +0000 2018,0.0,0.884,0.116,84,RT @FoxNews: BREAKING NEWS: North Korea has told the @realDonaldTrump administration that Kim Jong Un is ready to discuss denuclearization‚Ä¶,@FoxNews
-0.459,Sun Apr 08 21:03:01 +0000 2018,0.159,0.773,0.068,85,@FoxNews The defense of a family that made its fortune violating the law of the land - book-legging - I really coul‚Ä¶ https://t.co/FaDHldTIOQ,@FoxNews
0.052,Sun Apr 08 21:03:01 +0000 2018,0.0,0.769,0.231,86,@FoxNews Bogus apology from Kimmel,@FoxNews
0.361,Sun Apr 08 21:03:00 +0000 2018,0.0,0.865,0.135,87,RT @FoxNews: BREAKING: North Korea tells the Trump administration that it is ready to discuss denuclearization. https://t.co/gR9KrFO9gw,@FoxNews
0.0,Sun Apr 08 21:02:59 +0000 2018,0.0,1.0,0.0,88,@FoxNews @DiamondandSilk @facebook  https://t.co/lAkBpDi8Fp,@FoxNews
-0.784,Sun Apr 08 21:02:59 +0000 2018,0.373,0.538,0.09,89,@FoxNews Dotard didn‚Äôt install fire sprinklers. Dotard has no sympathy for the person who died and has no sympathy‚Ä¶ https://t.co/JR7VHojISC,@FoxNews
0.0,Sun Apr 08 21:02:58 +0000 2018,0.0,1.0,0.0,90,RT @JoeMyGod: @FoxNews  https://t.co/2lqBM5cF6E,@FoxNews
0.0,Sun Apr 08 21:02:58 +0000 2018,0.0,1.0,0.0,91,"RT @FoxNews: On @foxandfriends, Harris County Sheriff Mike Jolley - who recently posted a sign outside the sheriff's office that reads ‚ÄúOur‚Ä¶",@FoxNews
0.0,Sun Apr 08 21:02:58 +0000 2018,0.148,0.664,0.188,92,@FoxNews @realDonaldTrump Yeah NK could not handle such power and his people were probably getting the clear picture of doomsday,@FoxNews
-0.765,Sun Apr 08 21:02:57 +0000 2018,0.322,0.678,0.0,93,@FoxNews @DiamondandSilk Facebook has no need to provide space to liars and paid propaganda officers of the trump Reich,@FoxNews
0.541,Sun Apr 08 21:02:56 +0000 2018,0.0,0.811,0.189,94,RT @RonniLaurie: @funder @jimmykimmel @seanhannity @realDonaldTrump @POTUS @FoxNews I KNEW IT! Any Friend of @realDonaldTrump IS A PERVER‚Ä¶,@FoxNews
-0.822,Sun Apr 08 21:02:55 +0000 2018,0.336,0.664,0.0,95,RT @NateBernitz: @FoxNews @DiamondandSilk It‚Äôs sad how little they understand the Constitution. It‚Äôs sad how one minute they blame liberals‚Ä¶,@FoxNews
-0.882,Sun Apr 08 21:02:55 +0000 2018,0.376,0.624,0.0,96,"@JulieRems @realDonaldTrump @FoxNews @GOP I'm so sick of POS *45, he's a damn liar and his swallowers just lap it up..pendejos",@FoxNews
-0.649,Sun Apr 08 21:02:55 +0000 2018,0.275,0.725,0.0,97,RT @FoxNews: Outrage at Kimmel comments on Melania surges as protest petition nears 50K signatures https://t.co/riRjV4TDX4,@FoxNews
0.34,Sun Apr 08 21:02:55 +0000 2018,0.0,0.897,0.103,98,"RT @FoxNews: .@hogangidley45 on border security: ""We're working with [Mexico] and I think this is beginning to break up. But what this does‚Ä¶",@FoxNews
0.361,Sun Apr 08 21:02:54 +0000 2018,0.0,0.884,0.116,99,RT @FoxNews: BREAKING NEWS: North Korea has told the @realDonaldTrump administration that Kim Jong Un is ready to discuss denuclearization‚Ä¶,@FoxNews
0.0,Sun Apr 08 21:03:27 +0000 2018,0.0,1.0,0.0,0,Ex-President ‚ÄòLula‚Äô of Brazil Surrenders to Serve 12-Year Jail Term https://t.co/YqjokW105m 72 yrs old,NYTimes
0.392,Sun Apr 08 21:03:26 +0000 2018,0.099,0.708,0.193,1,"RT @peterbakernyt: ""Things might seem to be stable, but no. It's boiling."" Palestinians hope that Friday marches are forcing the world to r‚Ä¶",NYTimes
0.279,Sun Apr 08 21:03:26 +0000 2018,0.044,0.865,0.091,2,"RT @davidaxelrod: Dems should NOT commit to impeachment unless &amp; until there‚Äôs a demonstrable case for one.
It is not just a matter of poli‚Ä¶",NYTimes
-0.273,Sun Apr 08 21:03:26 +0000 2018,0.13,0.87,0.0,3,"In His Haste to Roll Back Rules, Scott Pruitt, E.P.A. Chief, Risks His Agenda https://t.co/CxKMtlpCVM",NYTimes
0.402,Sun Apr 08 21:03:26 +0000 2018,0.0,0.881,0.119,4,"RT @AlexSoFLA: Reminder: @JeffFlake looked at @GabbyGiffords in the eye and said he wasn‚Äôt going to support a background check bill. 

#Wok‚Ä¶",NYTimes
0.0,Sun Apr 08 21:03:25 +0000 2018,0.0,1.0,0.0,5,"RT @ericgeller: The story of the past decade: ""What began last year as blaring political hyperbole on the right ... from little-known group‚Ä¶",NYTimes
0.0,Sun Apr 08 21:03:24 +0000 2018,0.0,1.0,0.0,6,RT @helaineolen: This chart is staggering and deserves its own investigative article. Why are white women over the age of 45 several times‚Ä¶,NYTimes
-0.25,Sun Apr 08 21:03:24 +0000 2018,0.188,0.812,0.0,7,"""Hostages and Rebels Leave Douma Under Evacuation Deal: State Media"" by REUTERS via NYT https://t.co/ehNvvc0JoA",NYTimes
0.0,Sun Apr 08 21:03:24 +0000 2018,0.0,1.0,0.0,8,"RT @nytimes: Gov. Rick Scott of Florida is expected to announce on Monday that he's running for the U.S. Senate against Bill Nelson, the De‚Ä¶",NYTimes
0.859,Sun Apr 08 21:03:23 +0000 2018,0.0,0.24,0.76,9,@nytimes Good and I hope he wins,NYTimes
-0.34,Sun Apr 08 21:03:22 +0000 2018,0.091,0.909,0.0,10,"RT @TheDailyEdge: In 1999, he told the New York Times he was going to install sprinklers. Never did. 

Yesterday he tweeted the fire was ou‚Ä¶",NYTimes
0.0,Sun Apr 08 21:03:22 +0000 2018,0.0,1.0,0.0,11,"RT @letamericavote: Why is Trump adding a citizenship question to the #2020Census? Because it ""would give Republicans an advantage."" https:‚Ä¶",NYTimes
-0.472,Sun Apr 08 21:03:21 +0000 2018,0.113,0.887,0.0,12,RT @OMGno2trump: Just when I think @GOP and @FoxNews can't get any more twisted they come up with this.  They can't win on facts or issues‚Ä¶,NYTimes
-0.572,Sun Apr 08 21:03:21 +0000 2018,0.299,0.701,0.0,13,Why isn‚Äôt @nypost @nytimes going nuts with this fire and Trump‚Äôs laxity? https://t.co/J9N5jEj96b,NYTimes
0.586,Sun Apr 08 21:03:20 +0000 2018,0.0,0.743,0.257,14,"Phys Ed: Bananas vs. Sports Drinks? Bananas Win in Study 
 https://t.co/H4K7ZeuQJc https://t.co/qxOHx5jIb1",NYTimes
0.0,Sun Apr 08 21:03:20 +0000 2018,0.0,1.0,0.0,15,RT @evictionlab: https://t.co/D9MIYlufUK,NYTimes
0.0,Sun Apr 08 21:03:19 +0000 2018,0.0,1.0,0.0,16,RT @elnoloes84: Cuando hasta el @nytimes advierte sobre la farsa desestabilizadora que est√°n montando en la endeble democracia de Brasil ht‚Ä¶,NYTimes
0.422,Sun Apr 08 21:03:19 +0000 2018,0.0,0.865,0.135,17,"Every weekday during the academic year, more than 50 million children  across the United States enter public school‚Ä¶ https://t.co/QMcUjeBQ1P",NYTimes
0.0,Sun Apr 08 21:03:18 +0000 2018,0.0,1.0,0.0,18,Many People Taking Antidepressants Discover They Cannot Quit https://t.co/Xj66AnNaQP,NYTimes
0.526,Sun Apr 08 21:03:18 +0000 2018,0.0,0.834,0.166,19,"RT @jkarurao: Our voices finally getting an effective amplifier in the form of this NYT article! #FridayFeeling 
https://t.co/9g39pM7Cl5",NYTimes
0.0,Sun Apr 08 21:03:18 +0000 2018,0.0,1.0,0.0,20,"""Is This the End of the Signature?"" by ERICA BERENSTEIN via NYT https://t.co/HN3hVEZA1j",NYTimes
-0.382,Sun Apr 08 21:03:18 +0000 2018,0.121,0.82,0.059,21,"RT @AnnCoulter: NYT, days BEFORE the faked Assad gas attack: Defense officials say sacrifices made by U.S. military in Syria could be washe‚Ä¶",NYTimes
0.0,Sun Apr 08 21:03:18 +0000 2018,0.0,1.0,0.0,22,@Enojada5389 @SRoth0508 @Kimbraov1 @Paintking @nytimes That he does https://t.co/xBymHmmxs2,NYTimes
0.29,Sun Apr 08 21:03:18 +0000 2018,0.0,0.847,0.153,23,RT @SouCalmo: @nytimes Transformed in a COMMUNIST COUNTRY... he deserves to get a life sentence!!!,NYTimes
-0.772,Sun Apr 08 21:03:17 +0000 2018,0.253,0.706,0.041,24,"RT @LotteLeicht1: Backed by #Russia and #Iran, #Syria govt forces have a legacy of chemical weapons use and war crimes. 

Impunity for atro‚Ä¶",NYTimes
0.382,Sun Apr 08 21:03:17 +0000 2018,0.155,0.595,0.25,25,‚ÄòI Love to Fight. I Live to Fight.‚Äô https://t.co/qDBxk2eRor #UFC  #MMA  #NYC  #NYT,NYTimes
0.0,Sun Apr 08 21:03:17 +0000 2018,0.111,0.779,0.111,26,"RT @NYTMetro: A New York City riddle: The subway is so late that it's making you early. And, yes, that's a problem. https://t.co/UB45dUE7Be",NYTimes
0.0,Sun Apr 08 21:03:17 +0000 2018,0.0,1.0,0.0,27,"But when governors in Nigeria do Same, they are seen to be seeking retirement homes... Issorai. https://t.co/S14zdeSYcq",NYTimes
-0.494,Sun Apr 08 21:03:16 +0000 2018,0.242,0.758,0.0,28,"""Teenage Vaping: Marketing and Dangers"" by Unknown Author via NYT https://t.co/cpjRVsN4Ou",NYTimes
0.279,Sun Apr 08 21:03:16 +0000 2018,0.044,0.865,0.091,29,"RT @davidaxelrod: Dems should NOT commit to impeachment unless &amp; until there‚Äôs a demonstrable case for one.
It is not just a matter of poli‚Ä¶",NYTimes
0.0,Sun Apr 08 21:03:16 +0000 2018,0.0,1.0,0.0,30,"""Allegiant Air Jet Skids Off Snowy South Dakota Runway"" by THE ASSOCIATED PRESS via NYT https://t.co/j4uffHWMKK",NYTimes
0.0,Sun Apr 08 21:03:14 +0000 2018,0.0,1.0,0.0,31,"check out this week's @nytimesmusic #Popcast: Logic, XXXTentacion and Hip-Hop Morality in 2018 https://t.co/spUOx37AH8",NYTimes
-0.718,Sun Apr 08 21:03:13 +0000 2018,0.207,0.793,0.0,32,RT @ShaneGoldmacher: One person died tonight at Trump Tower in a fire on the 50th floor. I would expect the fact that the upper floors do n‚Ä¶,NYTimes
0.258,Sun Apr 08 21:03:13 +0000 2018,0.0,0.915,0.085,33,"RT @kylegriffin1: The upper floors of Trump Tower that are home to residences do not have fire sprinklers, NYT reports.

One resident said‚Ä¶",NYTimes
0.0,Sun Apr 08 21:03:12 +0000 2018,0.0,1.0,0.0,34,"RT @nytimesworld: Bukhara, Uzbekistan, was once home to one of the world's oldest and biggest Jewish communities, but now has, according to‚Ä¶",NYTimes
0.0,Sun Apr 08 21:03:12 +0000 2018,0.0,1.0,0.0,35,"""Marlins Spoil Jake Arrieta's Debut, Beat Phillies 6-3"" by THE ASSOCIATED PRESS via NYT https://t.co/H6Mes1C6BD",NYTimes
-0.772,Sun Apr 08 21:03:12 +0000 2018,0.427,0.573,0.0,36,"Amid Fears of Trade War, Trump Predicts China Will Relent https://t.co/ailauNqD9m",NYTimes
-0.472,Sun Apr 08 21:03:12 +0000 2018,0.113,0.887,0.0,37,RT @OMGno2trump: Just when I think @GOP and @FoxNews can't get any more twisted they come up with this.  They can't win on facts or issues‚Ä¶,NYTimes
0.361,Sun Apr 08 21:03:11 +0000 2018,0.0,0.889,0.111,38,RT @passantino: NYT report in 1999: ‚ÄúLandlords and developers like Donald J. Trump have lobbied against sprinklers as unnecessary and expen‚Ä¶,NYTimes
-0.273,Sun Apr 08 21:03:11 +0000 2018,0.189,0.811,0.0,39,Israelis Watch Bombs Drop on Gaza From Front-Row Seats https://t.co/U6iBqdLGXf,NYTimes
-0.772,Sun Apr 08 21:03:10 +0000 2018,0.427,0.573,0.0,40,"Amid Fears of Trade War, Trump Predicts China Will Relent https://t.co/uGhKJc7BZX",NYTimes
0.0,Sun Apr 08 21:03:10 +0000 2018,0.0,1.0,0.0,41,"""NHL Playoff Format"" by THE ASSOCIATED PRESS via NYT https://t.co/kpRcGov3xO",NYTimes
-0.862,Sun Apr 08 21:03:10 +0000 2018,0.348,0.652,0.0,42,"RT @Olivianuzzi: Absolutely crazy details from residents in Trump Tower during today's fire, which killed one. A woman who called the front‚Ä¶",NYTimes
-0.318,Sun Apr 08 21:03:10 +0000 2018,0.103,0.897,0.0,43,"RT @nytpolitics: 6 of Scott Pruitt‚Äôs efforts to delay or roll back Obama-era regulations ‚Äî on issues including pesticides, lead paint and r‚Ä¶",NYTimes
0.0,Sun Apr 08 21:03:10 +0000 2018,0.0,1.0,0.0,44,"""Social Media and the 2016 Presidential Campaign"" by Unknown Author via NYT https://t.co/tLZrdOzm6E",NYTimes
0.34,Sun Apr 08 21:03:10 +0000 2018,0.0,0.897,0.103,45,RT @StageFairWage: Art teaches us that lives other than our own have value. Artists who occupy marginalized social positions can use their‚Ä¶,NYTimes
-0.34,Sun Apr 08 21:03:09 +0000 2018,0.091,0.909,0.0,46,"RT @TheDailyEdge: In 1999, he told the New York Times he was going to install sprinklers. Never did. 

Yesterday he tweeted the fire was ou‚Ä¶",NYTimes
-0.36,Sun Apr 08 21:03:08 +0000 2018,0.555,0.445,0.0,47,@nytimes No way!,NYTimes
-0.796,Sun Apr 08 21:03:08 +0000 2018,0.236,0.764,0.0,48,RT @PaulLee85: Throwing it back for this Sunday. Remember how they told us the Clintons were dead broke when they left office. This is how‚Ä¶,NYTimes
0.0,Sun Apr 08 21:03:07 +0000 2018,0.0,1.0,0.0,49,Worst-kept secret ever. https://t.co/NtWIgO1agf,NYTimes
-0.103,Sun Apr 08 21:03:07 +0000 2018,0.085,0.848,0.067,50,RT @yvon6463: @nytimes Don‚Äôt forget Trump asked his Generals just after Inauguration Day why they carefully steered a drone away froma terr‚Ä¶,NYTimes
0.0,Sun Apr 08 21:03:07 +0000 2018,0.0,1.0,0.0,51,@OdicHastings @casey4bikes @alexandraerin @atracaelum @nytimes For the most part. But the author did note that it‚Äôs‚Ä¶ https://t.co/FCcuK47Xie,NYTimes
-0.34,Sun Apr 08 21:03:07 +0000 2018,0.202,0.702,0.096,52,"""Trump Vows ‚ÄòBig Price‚Äô for Syria Attack, Raising Prospect of Missile Strike"" by JULIE HIRSCHFELD DAVIS via NYT https://t.co/ZF3IbxnUU9",NYTimes
0.077,Sun Apr 08 21:03:07 +0000 2018,0.0,0.933,0.067,53,"Another sign of the ""Decline of Adults""- the number of college students on anti-depressants from 1994-2006 has ""nea‚Ä¶ https://t.co/tSwBV0pcVb",NYTimes
0.0,Sun Apr 08 21:03:06 +0000 2018,0.0,1.0,0.0,54,#realestate #news #updates @nytrealestate California Family Gets $1.6 Million After 3-Year-Old Was Scarred by Bedbu‚Ä¶ https://t.co/Px94nbM5IZ,NYTimes
0.202,Sun Apr 08 21:03:05 +0000 2018,0.0,0.917,0.083,55,RT @jonathanalter: An important piece by a former Secretary of State. I can‚Äôt think of an historical precedent of someone of Albright‚Äôs sta‚Ä¶,NYTimes
0.077,Sun Apr 08 21:03:05 +0000 2018,0.067,0.852,0.081,56,RT @nytimes: A top White House official said the Trump administration would not rule out a missile strike to retaliate against the governme‚Ä¶,NYTimes
-0.772,Sun Apr 08 21:03:05 +0000 2018,0.427,0.573,0.0,57,"Amid Fears of Trade War, Trump Predicts China Will Relent https://t.co/SqGci1kZs1",NYTimes
-0.296,Sun Apr 08 21:03:05 +0000 2018,0.187,0.704,0.109,58,RT @DMiliband: Disgusting new depths plumbed by Assad and his friends. Working to get info on @theIRC staff.   &amp; don‚Äôt forget: numbers kill‚Ä¶,NYTimes
-0.772,Sun Apr 08 21:03:05 +0000 2018,0.427,0.573,0.0,59,"Amid Fears of Trade War, Trump Predicts China Will Relent https://t.co/6658Pbv1V6",NYTimes
0.0,Sun Apr 08 21:03:03 +0000 2018,0.0,1.0,0.0,60,RT @HeshamAlghannam: ŸÉŸäŸÅ Ÿäÿ®ÿ±ÿ± ÿßŸÑŸÜÿ∏ÿßŸÖ ÿßŸÑÿ•Ÿäÿ±ÿßŸÜŸä ÿØÿπŸÖŸá ŸÑŸÑÿ£ÿ≥ÿØÿü! ÿ∞ÿß ŸÜÿ∏ÿßŸÖ ŸäÿØÿπŸä ÿ•ŸÜŸá ŸäŸÖÿ´ŸÑ ÿßŸÑÿ•ÿ≥ŸÑÿßŸÖ -ÿßŸÑÿµÿ≠Ÿäÿ≠- ÿ£ŸÑÿß Ÿäÿ¨ÿØ ÿµÿπŸàÿ®ÿ© ŸÅŸä ÿ™ÿ®ÿ±Ÿäÿ± Ÿáÿ∞Ÿá ÿßŸÑÿ¨ÿ±ÿßÿ¶ŸÖ.ÿ≠ÿ™Ÿâ ŸÑŸà‚Ä¶,NYTimes
0.727,Sun Apr 08 21:03:03 +0000 2018,0.0,0.679,0.321,61,33 states have expanded Medicaid benefits under the Affordable Care Act. Virginia could soon become number 34. https://t.co/1Q0wPrbVmq,NYTimes
0.0,Sun Apr 08 21:03:02 +0000 2018,0.0,1.0,0.0,62,#Tom #Petty‚Äôs Home https://t.co/rFYwSnCMqL #sober #treatement #drug #alcohol #dependency #detox wsj #nytimes‚Ä¶ https://t.co/r7y5kDd6fI,NYTimes
0.0,Sun Apr 08 21:03:01 +0000 2018,0.0,1.0,0.0,63,@KatyTurNBC @MSNBC @CNN @AriMelber @JoyAnnReid @CoryBooker @KamalaHarris @FBI @chrislhayes @maddow @PhilMurphyNJ‚Ä¶ https://t.co/0YSK2JW85D,NYTimes
-0.103,Sun Apr 08 21:03:00 +0000 2018,0.098,0.825,0.077,64,@nytimes Don‚Äôt forget Trump asked his Generals just after Inauguration Day why they carefully steered a drone away‚Ä¶ https://t.co/AI4FF1yToI,NYTimes
-0.527,Sun Apr 08 21:03:00 +0000 2018,0.18,0.82,0.0,65,"RT @ericuman: Residents of Trump Tower got no warnings to evacuate. And nobody answered when a resident called the front desk. 

But Michae‚Ä¶",NYTimes
0.0,Sun Apr 08 21:02:58 +0000 2018,0.0,1.0,0.0,66,@nytimes May he rot in jail,NYTimes
0.361,Sun Apr 08 21:02:58 +0000 2018,0.0,0.889,0.111,67,RT @passantino: NYT report in 1999: ‚ÄúLandlords and developers like Donald J. Trump have lobbied against sprinklers as unnecessary and expen‚Ä¶,NYTimes
0.0,Sun Apr 08 21:02:58 +0000 2018,0.0,1.0,0.0,68,"RT @nytimesworld: Former Catalan leader Carles Puigdemont renewed calls for Spain to open negotiations over Catalonia‚Äôs secession claim, a‚Ä¶",NYTimes
0.0,Sun Apr 08 21:02:58 +0000 2018,0.0,1.0,0.0,69,"RT @nytimes: Gov. Rick Scott of Florida is expected to announce on Monday that he's running for the U.S. Senate against Bill Nelson, the De‚Ä¶",NYTimes
-0.527,Sun Apr 08 21:02:57 +0000 2018,0.18,0.82,0.0,70,"RT @ericuman: Residents of Trump Tower got no warnings to evacuate. And nobody answered when a resident called the front desk. 

But Michae‚Ä¶",NYTimes
-0.402,Sun Apr 08 21:02:56 +0000 2018,0.351,0.649,0.0,71,@nytimes @peace1 @FLGovScott you will lose.,NYTimes
-0.318,Sun Apr 08 21:02:56 +0000 2018,0.103,0.897,0.0,72,"RT @kylegriffin1: ‚ÄúSix of Mr. Pruitt‚Äôs efforts to delay or roll back Obama-era regulations ‚Äî on issues including pesticides, lead paint and‚Ä¶",NYTimes
0.0,Sun Apr 08 21:02:56 +0000 2018,0.0,1.0,0.0,73,@buzzman888 @junogsp5 @POTUS @nytimes @deanbaquet Actually it‚Äôs the other way around - the Left bashing ME and my v‚Ä¶ https://t.co/dCHziQQeYs,NYTimes
-0.052,Sun Apr 08 21:02:56 +0000 2018,0.236,0.571,0.193,74,"RT @TravisAllen02: Out of respect for low ratings @realDonaldTrump, please stop posting this picture. He screamed at the @nytimes for posti‚Ä¶",NYTimes
-0.202,Sun Apr 08 21:02:56 +0000 2018,0.16,0.674,0.167,75,"RT @ColBannister: Big surprise-
@nytimes is still trying to protect liberal Ted Kennedy... 
Ted Kennedy killed a woman in a car after she r‚Ä¶",NYTimes
-0.625,Sun Apr 08 21:02:55 +0000 2018,0.204,0.796,0.0,76,RT @B52Malmet: This is the worst d humanity. How can we witness this atrocity and do nothing? https://t.co/ttS8s16anM,NYTimes
0.71,Sun Apr 08 21:02:55 +0000 2018,0.0,0.576,0.424,77,"@nytimes Ya. Good luck with that. Vote him out, Florida",NYTimes
-0.778,Sun Apr 08 21:02:54 +0000 2018,0.302,0.599,0.099,78,RT @nytimesworld: Medics and rescue workers say dozens of people choked to death in their homes after a new chemical attack by the Syrian g‚Ä¶,NYTimes
0.0,Sun Apr 08 21:02:54 +0000 2018,0.0,1.0,0.0,79,https://t.co/2IJneZLwjU,NYTimes
0.422,Sun Apr 08 21:02:54 +0000 2018,0.0,0.882,0.118,80,RT @ceciliakang: Zuckerberg getting coached by a team led by Reg Brown at WilmerHale on how to pace himself and seem agreeable. Zuckerberg‚Ä¶,NYTimes
-0.542,Sun Apr 08 21:02:53 +0000 2018,0.143,0.857,0.0,81,RT @IronStache: .@SpeakerRyan told us Blake Farenthold would return the public money used to settle his sexual harassment case. He still ha‚Ä¶,NYTimes
0.0,Sun Apr 08 21:02:53 +0000 2018,0.0,1.0,0.0,82,"RT @nytimes: Gov. Rick Scott of Florida is expected to announce on Monday that he's running for the U.S. Senate against Bill Nelson, the De‚Ä¶",NYTimes
-0.226,Sun Apr 08 21:02:52 +0000 2018,0.095,0.905,0.0,83,RT @profcarroll: Don‚Äôt forget the Peter Thiel employee helped build psychological profiling software with illicit Facebook data. These are‚Ä¶,NYTimes
0.0,Sun Apr 08 21:02:52 +0000 2018,0.0,1.0,0.0,84,"RT @QuimMonzo: Avui, al @NYTimes: la import√†ncia de les declaracions de la Ministra Federal de Just√≠cia d'Alemanya, @KatarinaBarley https:/‚Ä¶",NYTimes
0.595,Sun Apr 08 21:02:52 +0000 2018,0.0,0.805,0.195,85,@nytimes #NRAIsATerroristOrganization  go for it Gov Rick Scott !!!  Hopefully trump will campaign for him! The‚Ä¶ https://t.co/fVizsMS8QN,NYTimes
-0.751,Sun Apr 08 21:02:52 +0000 2018,0.368,0.632,0.0,86,Brutal Choice in Houston: Sell Home at a Loss or Face New Floods https://t.co/Ng6aRnHGfk,NYTimes
-0.778,Sun Apr 08 21:02:52 +0000 2018,0.286,0.714,0.0,87,RT @abdullahawez: U.N. Accuses Turkey of Killing Hundreds of Kurds in the predominately Kurdish regions in southeast Turkey https://t.co/8k‚Ä¶,NYTimes
0.0,Sun Apr 08 21:02:52 +0000 2018,0.0,1.0,0.0,88,"RT @nytimes: Gov. Rick Scott of Florida is expected to announce on Monday that he's running for the U.S. Senate against Bill Nelson, the De‚Ä¶",NYTimes
0.0,Sun Apr 08 21:02:52 +0000 2018,0.153,0.693,0.153,89,"@ashoswai @Naveera06236841 Lol...so much hatred for NaMo...Id love to see ur face in 2019 when hes back in power

T‚Ä¶ https://t.co/PdANyGnStZ",NYTimes
-0.859,Sun Apr 08 21:02:51 +0000 2018,0.422,0.578,0.0,90,RT @nytimes: Updated: At least 49 people were killed in a suspected chemical attack in Syria https://t.co/iwWEBDhpwz,NYTimes
-0.103,Sun Apr 08 21:02:51 +0000 2018,0.06,0.94,0.0,91,"RT @sivavaid: I pay to subscribe to @nytimes, @WSJ, and @washingtonpost. All of them track me and sell my data through similar #adtech syst‚Ä¶",NYTimes
0.0,Sun Apr 08 21:02:51 +0000 2018,0.0,1.0,0.0,92,@drjelks @nytimes Works both ways,NYTimes
0.273,Sun Apr 08 21:02:50 +0000 2018,0.0,0.9,0.1,93,RT @StandUpIdeas: Transparency for paid political advertisements online is a necessary step toward ensuring that voters are aware of who is‚Ä¶,NYTimes
-0.542,Sun Apr 08 21:02:50 +0000 2018,0.251,0.664,0.085,94,"Top story: Dozens Suffocate in Syria as Government Is Accused of Chemical Attack https://t.co/gmI0pL87Hd, see more https://t.co/5DnBGbzZQ3",NYTimes
-0.44,Sun Apr 08 21:02:48 +0000 2018,0.132,0.868,0.0,95,"RT @TrishaDishes: #SundayMorning 
ISIS Used Chemical Weapons At Least 52 Times In Iraq &amp; Syria, 2014-2016
https://t.co/OgdDO0j2y1
And Gen M‚Ä¶",NYTimes
0.612,Sun Apr 08 21:02:48 +0000 2018,0.0,0.773,0.227,96,RT @joncoopertweets: U.S. Job Gains Smallest in Six Months ‚Äî Growth Was 75 Percent LESS Than Economists Had Projected üò∞ https://t.co/N0Hf81‚Ä¶,NYTimes
-0.318,Sun Apr 08 21:02:48 +0000 2018,0.103,0.897,0.0,97,"RT @kylegriffin1: ‚ÄúSix of Mr. Pruitt‚Äôs efforts to delay or roll back Obama-era regulations ‚Äî on issues including pesticides, lead paint and‚Ä¶",NYTimes
0.0,Sun Apr 08 21:02:47 +0000 2018,0.0,1.0,0.0,98,RT @calsmcp: HEY KIDDOS!! LISTEN UP‚Äî the situation in Flint is FAR from over. DO NOT let Flint fade from your mind! Lead pipes are STILL in‚Ä¶,NYTimes
0.511,Sun Apr 08 21:02:47 +0000 2018,0.0,0.858,0.142,99,"RT @Evan_McMullin: An informative piece on how Hungarian Prime Minister Viktor Orban is using government power to strong arm artists, educa‚Ä¶",NYTimes
